instance_id,music_genre
48564.0,Hip-Hop
72394.0,Country
88081.0,Rap
78331.0,Country
72636.0,Alternative
74228.0,Classical
39106.0,Rap
78829.0,Country
91469.0,Country
54558.0,Country
44055.0,Anime
29671.0,Classical
56323.0,Country
54809.0,Blues
55369.0,Hip-Hop
68566.0,Hip-Hop
53565.0,Alternative
69565.0,Country
39014.0,Hip-Hop
28452.0,Electronic
40219.0,Electronic
50963.0,Alternative
58058.0,Country
41339.0,Country
25263.0,Alternative
30932.0,Hip-Hop
65113.0,Blues
43628.0,Blues
82352.0,Rap
25868.0,Electronic
57582.0,Blues
64912.0,Hip-Hop
30690.0,Blues
48352.0,Electronic
32598.0,Alternative
81733.0,Electronic
68478.0,Blues
87062.0,Jazz
50604.0,Rock
51443.0,Alternative
79739.0,Country
52375.0,Hip-Hop
43645.0,Country
51950.0,Anime
62180.0,Electronic
91491.0,Hip-Hop
57217.0,Anime
30912.0,Country
37289.0,Hip-Hop
58378.0,Rap
83848.0,Rock
88071.0,Electronic
78696.0,Electronic
73721.0,Electronic
21431.0,Classical
33066.0,Country
71571.0,Electronic
54360.0,Country
61237.0,Anime
43763.0,Rap
53222.0,Hip-Hop
24144.0,Rap
35526.0,Blues
79272.0,Country
28682.0,Rap
78220.0,Classical
42113.0,Alternative
73749.0,Electronic
76959.0,Classical
32662.0,Country
28240.0,Blues
78684.0,Hip-Hop
23339.0,Country
66580.0,Electronic
62293.0,Blues
73224.0,Blues
63436.0,Classical
85265.0,Electronic
42894.0,Rock
32778.0,Blues
88626.0,Country
20474.0,Rap
57621.0,Alternative
68702.0,Rock
68429.0,Rap
48412.0,Alternative
31462.0,Hip-Hop
20258.0,Electronic
80048.0,Anime
36643.0,Country
51269.0,Alternative
36620.0,Anime
47393.0,Anime
27054.0,Jazz
74946.0,Blues
78997.0,Blues
34604.0,Jazz
48875.0,Jazz
84383.0,Electronic
82285.0,Country
49168.0,Country
35219.0,Rap
37626.0,Blues
74540.0,Alternative
22782.0,Blues
59663.0,Hip-Hop
65605.0,Rock
63227.0,Electronic
27942.0,Rock
61120.0,Hip-Hop
59041.0,Rap
67531.0,Blues
89417.0,Rock
51652.0,Blues
23769.0,Hip-Hop
88512.0,Rap
69103.0,Country
25734.0,Anime
35192.0,Blues
77761.0,Anime
58002.0,Rap
90879.0,Hip-Hop
66951.0,Alternative
21111.0,Rock
36583.0,Blues
69430.0,Blues
26846.0,Rap
54227.0,Classical
79612.0,Rock
36250.0,Country
71243.0,Electronic
41033.0,Classical
58600.0,Rap
64358.0,Rap
55882.0,Electronic
67981.0,Rap
78157.0,Country
39280.0,Hip-Hop
65167.0,Anime
50033.0,Rap
34067.0,Country
71541.0,Blues
58044.0,Blues
67611.0,Rap
88524.0,Electronic
50007.0,Rock
36733.0,Electronic
55966.0,Jazz
29854.0,Country
47533.0,Rap
84957.0,Rock
27733.0,Electronic
88890.0,Country
71105.0,Hip-Hop
81300.0,Classical
25948.0,Electronic
30686.0,Alternative
27597.0,Classical
46658.0,Electronic
33241.0,Jazz
39290.0,Country
61297.0,Rap
79393.0,Rap
85447.0,Rock
24779.0,Classical
21888.0,Rock
22450.0,Hip-Hop
21637.0,Electronic
76444.0,Rock
34627.0,Anime
30361.0,Electronic
22862.0,Rap
55635.0,Rap
39392.0,Rock
21530.0,Blues
53803.0,Electronic
79904.0,Blues
79589.0,Country
38281.0,Electronic
26187.0,Blues
65289.0,Country
38631.0,Rock
34026.0,Alternative
81881.0,Country
25877.0,Classical
79755.0,Rap
67894.0,Jazz
50248.0,Blues
32074.0,Blues
41890.0,Alternative
36233.0,Blues
63019.0,Anime
31135.0,Electronic
91653.0,Classical
67493.0,Rap
45720.0,Rock
78113.0,Jazz
66990.0,Rap
33226.0,Hip-Hop
66599.0,Electronic
37709.0,Classical
41952.0,Blues
90953.0,Classical
26762.0,Electronic
62414.0,Alternative
54492.0,Country
22070.0,Alternative
34735.0,Anime
37276.0,Anime
91709.0,Country
79337.0,Anime
32555.0,Jazz
28310.0,Rap
60154.0,Rap
89947.0,Blues
82280.0,Country
67551.0,Rap
49912.0,Rock
44285.0,Country
62759.0,Hip-Hop
26763.0,Anime
88251.0,Rock
39166.0,Jazz
58756.0,Electronic
74087.0,Hip-Hop
58075.0,Country
49533.0,Country
79989.0,Electronic
58425.0,Electronic
62607.0,Classical
85075.0,Jazz
56756.0,Rock
28898.0,Country
42118.0,Jazz
55409.0,Rap
31714.0,Anime
41361.0,Rap
30503.0,Country
45222.0,Blues
68913.0,Country
74995.0,Hip-Hop
47775.0,Electronic
37384.0,Anime
49180.0,Anime
28678.0,Classical
42464.0,Country
79508.0,Alternative
62403.0,Electronic
40756.0,Rap
85665.0,Country
79277.0,Country
23449.0,Hip-Hop
82350.0,Country
61130.0,Country
55562.0,Hip-Hop
78807.0,Country
67592.0,Blues
58204.0,Country
42874.0,Rap
76341.0,Hip-Hop
47432.0,Classical
22904.0,Blues
42683.0,Electronic
72925.0,Jazz
25202.0,Hip-Hop
23994.0,Rap
41096.0,Jazz
53503.0,Alternative
83671.0,Rock
59711.0,Rap
61562.0,Anime
67914.0,Jazz
50650.0,Electronic
32141.0,Rap
51665.0,Country
70042.0,Country
27911.0,Blues
40311.0,Rap
49904.0,Hip-Hop
47588.0,Rock
44657.0,Jazz
23053.0,Hip-Hop
42143.0,Country
77852.0,Classical
58240.0,Blues
67419.0,Rock
75524.0,Rock
29774.0,Blues
60161.0,Anime
45935.0,Classical
50100.0,Hip-Hop
27735.0,Jazz
22155.0,Jazz
28074.0,Classical
70652.0,Country
73891.0,Classical
67578.0,Classical
48379.0,Country
53364.0,Rap
46115.0,Blues
80693.0,Jazz
86176.0,Rock
69079.0,Country
29436.0,Country
55813.0,Anime
81049.0,Alternative
36822.0,Jazz
22274.0,Electronic
41472.0,Blues
69744.0,Rock
85910.0,Rap
79522.0,Country
86953.0,Rap
65953.0,Rap
70639.0,Anime
79193.0,Blues
35294.0,Rock
77931.0,Country
63066.0,Rock
68106.0,Alternative
68770.0,Blues
75085.0,Rap
80369.0,Blues
86706.0,Rock
49496.0,Rap
43631.0,Jazz
37736.0,Country
60812.0,Blues
23204.0,Alternative
30121.0,Rock
66816.0,Rock
28760.0,Rap
85574.0,Rap
27085.0,Electronic
58429.0,Country
39227.0,Classical
75952.0,Hip-Hop
83656.0,Rock
58626.0,Blues
76948.0,Rap
40834.0,Rock
66252.0,Rap
59319.0,Classical
32156.0,Electronic
35817.0,Country
77770.0,Rock
25530.0,Electronic
67138.0,Hip-Hop
74197.0,Electronic
28720.0,Classical
34223.0,Anime
26142.0,Country
46526.0,Rap
23005.0,Rock
59474.0,Classical
45707.0,Rap
27027.0,Classical
57553.0,Country
90987.0,Rap
41262.0,Electronic
78385.0,Rock
30750.0,Rap
65283.0,Rap
45981.0,Classical
65943.0,Rap
22917.0,Rap
81906.0,Electronic
47576.0,Classical
83134.0,Blues
77843.0,Country
30061.0,Blues
85448.0,Anime
58815.0,Blues
39610.0,Classical
20724.0,Jazz
39201.0,Electronic
52020.0,Alternative
22943.0,Rap
87928.0,Blues
91571.0,Jazz
35921.0,Alternative
86157.0,Classical
61361.0,Classical
61824.0,Anime
91068.0,Country
26519.0,Country
54567.0,Anime
84864.0,Blues
86854.0,Hip-Hop
28672.0,Classical
89590.0,Hip-Hop
40950.0,Classical
84346.0,Country
88444.0,Alternative
84165.0,Blues
54821.0,Rock
49692.0,Blues
46715.0,Hip-Hop
52010.0,Hip-Hop
82981.0,Anime
25725.0,Rap
30019.0,Jazz
35896.0,Rock
79523.0,Electronic
86615.0,Country
22846.0,Alternative
69121.0,Hip-Hop
60441.0,Electronic
59679.0,Alternative
73116.0,Jazz
79128.0,Blues
77924.0,Country
32687.0,Classical
36166.0,Anime
23042.0,Classical
86267.0,Classical
86002.0,Rock
54217.0,Classical
32061.0,Rap
90641.0,Classical
25215.0,Country
76746.0,Rock
55403.0,Rap
53545.0,Classical
34635.0,Classical
83181.0,Electronic
40431.0,Rap
53432.0,Rap
91547.0,Jazz
21329.0,Rap
48834.0,Hip-Hop
60260.0,Jazz
62596.0,Hip-Hop
88414.0,Jazz
27670.0,Blues
20184.0,Rap
74754.0,Alternative
51779.0,Blues
44229.0,Blues
52175.0,Blues
74508.0,Country
38226.0,Blues
88033.0,Hip-Hop
46508.0,Country
28366.0,Rock
43879.0,Jazz
76786.0,Country
79751.0,Electronic
68264.0,Electronic
35263.0,Electronic
27380.0,Jazz
43617.0,Alternative
66753.0,Blues
81392.0,Alternative
87466.0,Jazz
43503.0,Hip-Hop
64420.0,Rock
79663.0,Blues
69705.0,Jazz
23454.0,Anime
89415.0,Anime
85299.0,Classical
87262.0,Electronic
82220.0,Hip-Hop
53978.0,Rap
26077.0,Anime
34361.0,Classical
79197.0,Rap
44679.0,Blues
87060.0,Rock
69407.0,Electronic
24344.0,Rap
32903.0,Anime
81260.0,Rap
87783.0,Rock
59070.0,Blues
84713.0,Country
39540.0,Alternative
87881.0,Electronic
62139.0,Country
45163.0,Hip-Hop
30628.0,Anime
88973.0,Rap
79958.0,Blues
67145.0,Country
89361.0,Alternative
38655.0,Rap
30081.0,Country
85900.0,Electronic
73908.0,Country
54879.0,Country
67338.0,Rap
83715.0,Blues
27123.0,Electronic
91289.0,Classical
53547.0,Anime
78358.0,Blues
73070.0,Anime
57054.0,Rap
26421.0,Rap
84532.0,Hip-Hop
65393.0,Rock
27409.0,Electronic
54312.0,Electronic
74195.0,Blues
48112.0,Blues
48227.0,Jazz
67568.0,Anime
38819.0,Hip-Hop
29974.0,Blues
75851.0,Blues
38200.0,Jazz
34119.0,Electronic
50199.0,Hip-Hop
27378.0,Country
54292.0,Electronic
25808.0,Rap
64587.0,Blues
75010.0,Jazz
87791.0,Rap
85250.0,Rap
62104.0,Jazz
57713.0,Electronic
79767.0,Country
57625.0,Blues
21071.0,Electronic
54208.0,Electronic
22607.0,Classical
28279.0,Rap
33901.0,Rap
35304.0,Alternative
73033.0,Blues
43728.0,Country
38952.0,Anime
35753.0,Hip-Hop
87301.0,Blues
68674.0,Electronic
89545.0,Jazz
84037.0,Blues
66762.0,Rap
38489.0,Rock
50798.0,Hip-Hop
59440.0,Blues
65178.0,Country
89685.0,Jazz
75272.0,Electronic
86956.0,Hip-Hop
54030.0,Country
82915.0,Rap
52094.0,Alternative
28284.0,Rap
20113.0,Country
87653.0,Alternative
35743.0,Anime
26678.0,Anime
73596.0,Blues
51560.0,Rock
56709.0,Hip-Hop
53403.0,Jazz
22619.0,Country
53744.0,Classical
54616.0,Alternative
61554.0,Blues
77452.0,Alternative
23419.0,Rock
28964.0,Anime
76506.0,Electronic
33456.0,Blues
24191.0,Rap
71957.0,Hip-Hop
60030.0,Jazz
67030.0,Country
70915.0,Electronic
46551.0,Alternative
89424.0,Jazz
44108.0,Rap
75115.0,Hip-Hop
22398.0,Country
80442.0,Alternative
28649.0,Hip-Hop
44755.0,Rap
40871.0,Classical
81727.0,Jazz
90895.0,Anime
80298.0,Rock
36834.0,Country
64081.0,Alternative
42371.0,Alternative
30453.0,Rap
36618.0,Hip-Hop
61161.0,Anime
69958.0,Rap
77541.0,Blues
39478.0,Hip-Hop
53182.0,Country
91376.0,Country
74527.0,Classical
37367.0,Hip-Hop
85484.0,Anime
78633.0,Alternative
48596.0,Alternative
74826.0,Hip-Hop
53417.0,Hip-Hop
33615.0,Electronic
61234.0,Blues
62521.0,Rock
23508.0,Alternative
87143.0,Hip-Hop
77220.0,Alternative
39623.0,Rock
39015.0,Electronic
67572.0,Rock
82669.0,Country
46911.0,Hip-Hop
76013.0,Classical
80753.0,Rap
48074.0,Country
64825.0,Anime
63874.0,Blues
57271.0,Rock
51202.0,Electronic
67118.0,Hip-Hop
83814.0,Blues
39573.0,Alternative
84886.0,Electronic
86847.0,Electronic
82518.0,Anime
42067.0,Alternative
48139.0,Country
56337.0,Alternative
88537.0,Jazz
59730.0,Rap
32174.0,Rap
73134.0,Alternative
44579.0,Hip-Hop
31042.0,Jazz
73932.0,Rap
88390.0,Alternative
83099.0,Country
78602.0,Jazz
49931.0,Electronic
35740.0,Country
54430.0,Alternative
36997.0,Jazz
46176.0,Blues
59673.0,Blues
79201.0,Country
83689.0,Rap
84282.0,Hip-Hop
77132.0,Country
66739.0,Anime
88734.0,Alternative
83245.0,Electronic
25710.0,Rock
39970.0,Anime
76018.0,Country
44135.0,Alternative
70179.0,Rap
83697.0,Electronic
36561.0,Jazz
84578.0,Blues
70828.0,Country
83492.0,Rap
27262.0,Country
51203.0,Electronic
58158.0,Electronic
61086.0,Electronic
67100.0,Blues
88257.0,Country
39806.0,Hip-Hop
83290.0,Classical
71123.0,Classical
75263.0,Rap
21285.0,Rap
39144.0,Electronic
81556.0,Classical
75841.0,Blues
72512.0,Country
70076.0,Country
20475.0,Rock
60876.0,Anime
66334.0,Blues
21821.0,Rap
66861.0,Country
59942.0,Country
61748.0,Electronic
30388.0,Hip-Hop
38184.0,Country
47767.0,Alternative
33039.0,Country
85876.0,Anime
49775.0,Anime
33221.0,Alternative
20810.0,Anime
36524.0,Anime
79824.0,Jazz
36410.0,Electronic
85580.0,Blues
62021.0,Rock
35234.0,Blues
41738.0,Alternative
30543.0,Blues
32989.0,Blues
28163.0,Anime
33828.0,Jazz
67600.0,Rock
61671.0,Country
44146.0,Rap
63726.0,Alternative
84088.0,Anime
28335.0,Blues
88531.0,Country
22198.0,Anime
38212.0,Country
66928.0,Jazz
85196.0,Rap
31945.0,Anime
86909.0,Blues
69376.0,Rap
47711.0,Hip-Hop
26007.0,Blues
50041.0,Rap
23664.0,Anime
84668.0,Classical
59235.0,Blues
56602.0,Anime
51534.0,Country
29908.0,Country
62571.0,Anime
38427.0,Hip-Hop
49885.0,Hip-Hop
68035.0,Country
47258.0,Electronic
32688.0,Rap
69783.0,Jazz
58518.0,Country
25785.0,Anime
74474.0,Blues
60437.0,Jazz
23622.0,Electronic
45052.0,Rock
70889.0,Blues
75764.0,Blues
46132.0,Alternative
44894.0,Hip-Hop
67077.0,Blues
26779.0,Alternative
90219.0,Classical
91167.0,Rock
54884.0,Blues
64678.0,Country
72419.0,Classical
83764.0,Classical
28186.0,Jazz
60777.0,Hip-Hop
43148.0,Country
52203.0,Rap
46274.0,Anime
80212.0,Anime
27001.0,Hip-Hop
34554.0,Classical
89072.0,Rock
44487.0,Country
82282.0,Alternative
54254.0,Anime
82299.0,Country
84743.0,Classical
54079.0,Country
60209.0,Electronic
33289.0,Rap
85846.0,Rap
37991.0,Classical
72003.0,Electronic
25381.0,Blues
61659.0,Electronic
71642.0,Country
80286.0,Jazz
30541.0,Alternative
31155.0,Anime
46418.0,Electronic
82955.0,Blues
70585.0,Anime
88180.0,Blues
62783.0,Anime
50771.0,Electronic
21105.0,Country
84877.0,Hip-Hop
56479.0,Classical
90177.0,Anime
63384.0,Rock
23928.0,Rap
60749.0,Anime
68536.0,Country
79598.0,Anime
25252.0,Alternative
60822.0,Jazz
77505.0,Alternative
22240.0,Rap
49113.0,Alternative
41580.0,Jazz
61907.0,Alternative
32568.0,Blues
39605.0,Classical
64719.0,Blues
23473.0,Jazz
20307.0,Rap
56738.0,Hip-Hop
73523.0,Rap
81112.0,Blues
32712.0,Rap
54062.0,Anime
73419.0,Jazz
22248.0,Classical
55308.0,Electronic
45343.0,Blues
29305.0,Anime
73902.0,Rap
51267.0,Country
25157.0,Classical
36521.0,Rap
67241.0,Jazz
22494.0,Blues
86486.0,Anime
39626.0,Alternative
90012.0,Blues
82025.0,Rap
63481.0,Jazz
47892.0,Rap
83995.0,Blues
68152.0,Anime
47899.0,Country
54923.0,Blues
27286.0,Country
43508.0,Alternative
43609.0,Rock
37814.0,Electronic
82006.0,Blues
37701.0,Blues
53248.0,Electronic
88692.0,Rock
50528.0,Anime
39604.0,Anime
63225.0,Anime
89175.0,Anime
46776.0,Alternative
44480.0,Blues
47890.0,Alternative
59958.0,Electronic
71497.0,Hip-Hop
81884.0,Jazz
25192.0,Classical
47627.0,Rock
39869.0,Alternative
27854.0,Alternative
87753.0,Country
44528.0,Rap
40270.0,Electronic
75334.0,Blues
82276.0,Alternative
52182.0,Jazz
88872.0,Rock
57298.0,Country
70416.0,Rap
63095.0,Blues
37324.0,Rap
65017.0,Country
36441.0,Hip-Hop
75545.0,Hip-Hop
26520.0,Electronic
30517.0,Blues
90819.0,Country
56008.0,Blues
46832.0,Rock
57028.0,Blues
27156.0,Anime
62455.0,Blues
22170.0,Rock
68329.0,Electronic
22554.0,Electronic
74505.0,Electronic
46114.0,Hip-Hop
81510.0,Rap
43169.0,Blues
69755.0,Hip-Hop
24200.0,Country
33600.0,Classical
55719.0,Blues
64201.0,Blues
24202.0,Anime
33488.0,Rock
46652.0,Electronic
32250.0,Country
27917.0,Blues
73828.0,Classical
34363.0,Blues
46939.0,Country
53574.0,Blues
55328.0,Alternative
31058.0,Anime
80721.0,Hip-Hop
42908.0,Country
25612.0,Rap
22781.0,Jazz
34175.0,Country
26434.0,Jazz
90160.0,Hip-Hop
65631.0,Blues
85393.0,Jazz
52736.0,Anime
40831.0,Alternative
28938.0,Blues
86484.0,Anime
71536.0,Blues
87650.0,Jazz
74169.0,Country
87417.0,Electronic
58181.0,Country
83022.0,Rap
34209.0,Country
74159.0,Hip-Hop
33612.0,Blues
68424.0,Hip-Hop
75224.0,Rock
49084.0,Rap
45005.0,Electronic
26427.0,Classical
39702.0,Jazz
45739.0,Alternative
38698.0,Anime
36109.0,Blues
84104.0,Hip-Hop
79081.0,Jazz
43010.0,Blues
74107.0,Hip-Hop
33331.0,Country
86104.0,Country
20012.0,Alternative
87531.0,Jazz
52242.0,Classical
45150.0,Country
34334.0,Electronic
51250.0,Rock
51276.0,Alternative
70498.0,Rock
88987.0,Alternative
66713.0,Rock
69517.0,Electronic
84021.0,Jazz
49799.0,Hip-Hop
22006.0,Classical
87612.0,Rap
26673.0,Country
31830.0,Electronic
61556.0,Alternative
42500.0,Electronic
59584.0,Electronic
22334.0,Rock
47182.0,Hip-Hop
85252.0,Hip-Hop
69980.0,Electronic
39937.0,Rap
74062.0,Jazz
73539.0,Blues
67129.0,Anime
60571.0,Hip-Hop
46242.0,Electronic
91648.0,Alternative
62330.0,Rock
60498.0,Alternative
85106.0,Country
25234.0,Country
68305.0,Alternative
90043.0,Country
86790.0,Rock
90184.0,Rap
80511.0,Alternative
79134.0,Anime
41645.0,Anime
58428.0,Rap
63966.0,Jazz
86312.0,Blues
91144.0,Rap
60788.0,Jazz
88837.0,Anime
28081.0,Blues
77370.0,Electronic
68731.0,Anime
25926.0,Electronic
42355.0,Electronic
56055.0,Country
73476.0,Classical
89357.0,Alternative
89341.0,Rap
70183.0,Rap
36052.0,Rock
61683.0,Rock
78218.0,Blues
77796.0,Rap
83620.0,Alternative
34352.0,Hip-Hop
23649.0,Anime
28960.0,Anime
50688.0,Anime
39564.0,Country
75891.0,Jazz
85932.0,Country
23968.0,Country
59522.0,Electronic
70467.0,Jazz
85663.0,Anime
88921.0,Classical
36991.0,Alternative
78594.0,Blues
48500.0,Hip-Hop
61995.0,Country
83252.0,Hip-Hop
88471.0,Alternative
53035.0,Rap
24075.0,Alternative
59115.0,Blues
39593.0,Anime
69884.0,Rap
57179.0,Hip-Hop
24444.0,Anime
44582.0,Country
31641.0,Anime
20089.0,Rock
73942.0,Jazz
48014.0,Anime
78231.0,Rap
27833.0,Classical
52213.0,Blues
77273.0,Country
27315.0,Electronic
87220.0,Electronic
45858.0,Electronic
36062.0,Blues
90700.0,Electronic
42993.0,Blues
70517.0,Blues
51375.0,Rap
49585.0,Blues
25399.0,Rap
86456.0,Alternative
23077.0,Alternative
91043.0,Blues
26761.0,Classical
35454.0,Jazz
44686.0,Country
21559.0,Blues
88556.0,Classical
31223.0,Rap
82000.0,Alternative
37980.0,Anime
42445.0,Blues
39078.0,Rock
77133.0,Anime
55873.0,Rap
37061.0,Country
69588.0,Alternative
51445.0,Alternative
84941.0,Blues
76352.0,Hip-Hop
65009.0,Hip-Hop
84111.0,Rap
27138.0,Country
59133.0,Alternative
60238.0,Rock
27294.0,Blues
36686.0,Classical
27011.0,Electronic
77838.0,Rock
82126.0,Blues
82655.0,Jazz
70428.0,Hip-Hop
34710.0,Jazz
76120.0,Blues
68679.0,Electronic
51605.0,Electronic
46410.0,Jazz
43547.0,Anime
80709.0,Country
69711.0,Anime
43177.0,Hip-Hop
55488.0,Blues
71185.0,Alternative
44391.0,Country
55364.0,Rap
83340.0,Electronic
32746.0,Rap
27811.0,Rock
53594.0,Rap
57945.0,Rap
45598.0,Electronic
24678.0,Electronic
75863.0,Rap
90662.0,Blues
20293.0,Jazz
58664.0,Rock
91562.0,Electronic
35993.0,Hip-Hop
52846.0,Blues
67585.0,Classical
53600.0,Electronic
84770.0,Anime
65387.0,Anime
54970.0,Rock
75651.0,Electronic
52541.0,Jazz
71932.0,Rap
68393.0,Country
42738.0,Hip-Hop
63970.0,Rap
84582.0,Electronic
53269.0,Blues
40371.0,Country
26213.0,Classical
51394.0,Alternative
39889.0,Blues
58811.0,Blues
56696.0,Hip-Hop
44562.0,Jazz
61463.0,Rock
62339.0,Country
66487.0,Hip-Hop
64087.0,Blues
22515.0,Anime
61909.0,Rap
90415.0,Classical
60814.0,Rap
22877.0,Alternative
26870.0,Rap
48662.0,Hip-Hop
60357.0,Classical
63050.0,Rap
51782.0,Electronic
63890.0,Rap
36296.0,Blues
67990.0,Blues
68906.0,Hip-Hop
69455.0,Blues
67875.0,Electronic
71487.0,Country
54323.0,Alternative
42456.0,Hip-Hop
69741.0,Blues
41914.0,Rap
35208.0,Blues
69878.0,Alternative
65984.0,Hip-Hop
80482.0,Classical
21353.0,Anime
83945.0,Hip-Hop
36879.0,Rock
63741.0,Rap
74739.0,Alternative
30089.0,Anime
21957.0,Blues
34489.0,Jazz
79898.0,Country
79232.0,Jazz
66939.0,Electronic
66425.0,Blues
90367.0,Rap
72693.0,Classical
23392.0,Alternative
62881.0,Hip-Hop
58433.0,Country
51099.0,Country
31412.0,Country
68549.0,Rap
68580.0,Jazz
56471.0,Hip-Hop
66734.0,Rap
49265.0,Electronic
22571.0,Country
75548.0,Hip-Hop
53582.0,Country
67535.0,Electronic
43440.0,Alternative
63993.0,Classical
70005.0,Rap
32953.0,Electronic
40379.0,Jazz
28507.0,Rap
29736.0,Electronic
45621.0,Country
84202.0,Country
90566.0,Anime
79392.0,Anime
77764.0,Electronic
52823.0,Jazz
89185.0,Electronic
26602.0,Alternative
34441.0,Country
59375.0,Country
56834.0,Electronic
21941.0,Classical
38478.0,Electronic
30684.0,Country
56890.0,Classical
59231.0,Blues
68965.0,Jazz
86519.0,Rock
82322.0,Electronic
21337.0,Rap
64384.0,Classical
44600.0,Alternative
78544.0,Country
90563.0,Rap
74481.0,Rap
54518.0,Blues
81496.0,Jazz
82140.0,Blues
50866.0,Country
87697.0,Jazz
71606.0,Blues
74187.0,Rap
46749.0,Blues
61172.0,Country
67379.0,Jazz
43708.0,Rap
48753.0,Anime
86247.0,Rap
39321.0,Anime
81303.0,Rap
31700.0,Blues
39283.0,Rock
86223.0,Electronic
36986.0,Blues
69730.0,Alternative
31511.0,Anime
21320.0,Alternative
81325.0,Rock
54702.0,Blues
25164.0,Jazz
29295.0,Jazz
28821.0,Blues
23465.0,Alternative
28266.0,Country
63607.0,Alternative
43957.0,Country
45417.0,Country
24786.0,Country
29231.0,Jazz
28399.0,Rap
51688.0,Rock
63677.0,Country
60857.0,Rap
46581.0,Anime
90000.0,Rap
90721.0,Classical
42199.0,Anime
47069.0,Rap
37286.0,Classical
48423.0,Alternative
69748.0,Classical
64209.0,Blues
78921.0,Country
53020.0,Hip-Hop
51820.0,Classical
64456.0,Blues
73654.0,Rock
37470.0,Hip-Hop
36747.0,Jazz
59316.0,Rock
57868.0,Country
26108.0,Anime
90610.0,Country
37401.0,Rock
42836.0,Anime
60187.0,Blues
76962.0,Anime
21987.0,Country
25590.0,Classical
54053.0,Anime
91202.0,Jazz
21776.0,Anime
52271.0,Country
80021.0,Rock
39210.0,Country
49684.0,Hip-Hop
72272.0,Country
46932.0,Classical
63821.0,Hip-Hop
67295.0,Hip-Hop
38117.0,Rock
65658.0,Jazz
77890.0,Anime
46643.0,Anime
50459.0,Jazz
27444.0,Anime
30281.0,Electronic
68231.0,Country
41288.0,Alternative
41813.0,Country
27726.0,Electronic
75946.0,Rap
37037.0,Rap
54477.0,Rap
50421.0,Jazz
59966.0,Hip-Hop
60539.0,Rock
39569.0,Hip-Hop
74179.0,Rock
64859.0,Country
37359.0,Rap
83532.0,Country
20971.0,Hip-Hop
35064.0,Electronic
67376.0,Alternative
91357.0,Alternative
89310.0,Classical
42726.0,Rock
44658.0,Jazz
62922.0,Country
90371.0,Anime
67102.0,Rap
69093.0,Rap
81680.0,Country
59531.0,Electronic
89899.0,Electronic
71280.0,Country
62992.0,Rap
91365.0,Rock
72735.0,Jazz
44626.0,Rap
65158.0,Electronic
54058.0,Hip-Hop
52768.0,Hip-Hop
75154.0,Electronic
43079.0,Blues
54014.0,Rap
33317.0,Rock
90612.0,Rap
39582.0,Rock
80146.0,Electronic
47524.0,Alternative
47873.0,Alternative
89300.0,Rap
46562.0,Hip-Hop
72018.0,Electronic
76114.0,Country
43717.0,Blues
77758.0,Jazz
87126.0,Jazz
45711.0,Blues
21913.0,Hip-Hop
60284.0,Blues
58456.0,Hip-Hop
76953.0,Blues
88097.0,Anime
39038.0,Country
75244.0,Hip-Hop
84231.0,Electronic
28462.0,Country
49911.0,Blues
75113.0,Hip-Hop
56495.0,Country
47770.0,Electronic
85033.0,Country
76250.0,Classical
70831.0,Electronic
65544.0,Electronic
61329.0,Electronic
43484.0,Rap
39269.0,Blues
33631.0,Rap
48703.0,Rock
37802.0,Blues
38253.0,Blues
37849.0,Rock
65720.0,Rock
48828.0,Country
62073.0,Jazz
34598.0,Blues
34309.0,Jazz
39308.0,Hip-Hop
70837.0,Jazz
34894.0,Classical
87581.0,Rap
80606.0,Blues
37122.0,Alternative
24022.0,Alternative
89837.0,Electronic
54084.0,Electronic
45147.0,Blues
20360.0,Country
53780.0,Rock
60150.0,Classical
37065.0,Classical
20465.0,Rock
60222.0,Country
24232.0,Hip-Hop
69493.0,Alternative
50507.0,Rap
21340.0,Electronic
57482.0,Country
77737.0,Blues
22582.0,Country
32651.0,Alternative
36782.0,Jazz
44475.0,Electronic
39313.0,Country
75119.0,Rap
45293.0,Anime
26344.0,Country
35823.0,Electronic
59101.0,Jazz
26985.0,Hip-Hop
44996.0,Classical
74360.0,Classical
62952.0,Rap
35107.0,Alternative
89338.0,Classical
76637.0,Electronic
59367.0,Electronic
22683.0,Classical
63772.0,Blues
77616.0,Country
85197.0,Country
81252.0,Rap
46633.0,Country
91354.0,Blues
34952.0,Electronic
51615.0,Alternative
25525.0,Rap
47649.0,Blues
56748.0,Rap
83690.0,Electronic
31060.0,Country
81822.0,Hip-Hop
65735.0,Hip-Hop
52692.0,Hip-Hop
20884.0,Rap
90068.0,Rap
47129.0,Jazz
34669.0,Alternative
21548.0,Hip-Hop
71953.0,Classical
44816.0,Rock
23924.0,Classical
89358.0,Alternative
43198.0,Alternative
39563.0,Anime
49136.0,Alternative
35228.0,Country
35377.0,Classical
30876.0,Country
83732.0,Electronic
43852.0,Blues
44195.0,Country
25204.0,Electronic
56229.0,Country
59023.0,Hip-Hop
38786.0,Country
76358.0,Alternative
47725.0,Rock
24256.0,Alternative
50014.0,Electronic
85858.0,Alternative
74524.0,Hip-Hop
74767.0,Blues
31011.0,Electronic
34767.0,Hip-Hop
42385.0,Alternative
52222.0,Hip-Hop
25067.0,Rock
31184.0,Country
46433.0,Classical
49888.0,Electronic
72951.0,Rap
39957.0,Electronic
34259.0,Electronic
76364.0,Jazz
80861.0,Alternative
37808.0,Rap
77717.0,Classical
47064.0,Country
90586.0,Rap
73045.0,Country
63709.0,Alternative
57809.0,Hip-Hop
64673.0,Country
23211.0,Electronic
46582.0,Alternative
29112.0,Hip-Hop
71956.0,Blues
33176.0,Country
27864.0,Anime
86681.0,Anime
43449.0,Country
51757.0,Rap
30910.0,Rap
66814.0,Country
21720.0,Rap
83059.0,Jazz
80772.0,Rock
21700.0,Jazz
56997.0,Rock
62782.0,Anime
79629.0,Blues
78345.0,Hip-Hop
49627.0,Blues
20383.0,Classical
44918.0,Rap
31519.0,Rock
50227.0,Jazz
57200.0,Jazz
23736.0,Electronic
58542.0,Electronic
57997.0,Jazz
79493.0,Country
55552.0,Jazz
83810.0,Rap
40368.0,Anime
71438.0,Anime
42328.0,Anime
59613.0,Country
55561.0,Rock
89733.0,Hip-Hop
71254.0,Jazz
65228.0,Alternative
70675.0,Classical
54228.0,Blues
27418.0,Country
73139.0,Electronic
71475.0,Electronic
87226.0,Classical
40617.0,Electronic
30969.0,Rock
58891.0,Jazz
84355.0,Electronic
78490.0,Rap
46866.0,Electronic
64700.0,Country
48630.0,Country
28028.0,Anime
81849.0,Anime
23950.0,Blues
91310.0,Hip-Hop
64499.0,Anime
68413.0,Electronic
28528.0,Alternative
31008.0,Rock
85674.0,Country
40630.0,Rock
25401.0,Blues
49666.0,Jazz
49291.0,Blues
66277.0,Rap
89779.0,Blues
20040.0,Anime
76744.0,Rap
80590.0,Anime
68027.0,Country
30573.0,Jazz
30014.0,Blues
46225.0,Rock
57168.0,Electronic
28191.0,Blues
39845.0,Jazz
31747.0,Electronic
79879.0,Jazz
48775.0,Jazz
37650.0,Rap
75227.0,Anime
43188.0,Rap
76010.0,Country
25670.0,Alternative
39137.0,Blues
78156.0,Country
45953.0,Electronic
29543.0,Blues
74482.0,Alternative
22392.0,Alternative
47464.0,Country
29089.0,Rock
88310.0,Hip-Hop
61446.0,Anime
73368.0,Rock
83700.0,Alternative
65036.0,Blues
71722.0,Alternative
47861.0,Classical
64156.0,Country
67741.0,Country
22149.0,Rap
82374.0,Rock
38127.0,Anime
78873.0,Jazz
74151.0,Rock
69342.0,Hip-Hop
85438.0,Electronic
84246.0,Electronic
21037.0,Anime
88397.0,Country
21876.0,Rap
86766.0,Rap
63480.0,Electronic
70541.0,Classical
42673.0,Blues
44685.0,Anime
88581.0,Rap
65088.0,Anime
20267.0,Electronic
62067.0,Electronic
68121.0,Classical
34387.0,Jazz
46272.0,Electronic
72149.0,Blues
55904.0,Anime
86710.0,Alternative
69485.0,Rap
56993.0,Classical
36283.0,Country
52357.0,Rap
37101.0,Country
38706.0,Classical
39180.0,Electronic
70250.0,Alternative
77272.0,Jazz
84457.0,Jazz
84793.0,Anime
64494.0,Electronic
36468.0,Hip-Hop
33055.0,Country
85625.0,Anime
75033.0,Country
30549.0,Electronic
23092.0,Alternative
33885.0,Country
22929.0,Electronic
62094.0,Country
79213.0,Classical
87496.0,Anime
66881.0,Rock
86007.0,Blues
89204.0,Electronic
24317.0,Jazz
91162.0,Blues
77488.0,Electronic
49016.0,Classical
46628.0,Country
66629.0,Anime
37543.0,Anime
22097.0,Blues
24123.0,Blues
23432.0,Jazz
55218.0,Rap
43637.0,Anime
73369.0,Electronic
72828.0,Hip-Hop
39764.0,Jazz
86143.0,Blues
52911.0,Electronic
36349.0,Country
28590.0,Country
36546.0,Hip-Hop
38080.0,Rock
70667.0,Jazz
84826.0,Jazz
50808.0,Country
51720.0,Blues
24392.0,Country
68320.0,Rock
72497.0,Anime
22150.0,Blues
21526.0,Country
70374.0,Hip-Hop
90085.0,Classical
47124.0,Rap
72471.0,Anime
30785.0,Alternative
23582.0,Country
22719.0,Blues
86992.0,Electronic
35754.0,Jazz
77308.0,Country
35575.0,Alternative
76768.0,Electronic
20395.0,Alternative
31082.0,Rap
90556.0,Country
31444.0,Alternative
62264.0,Rap
41893.0,Jazz
54509.0,Blues
39678.0,Rap
40266.0,Hip-Hop
82326.0,Electronic
58307.0,Blues
43837.0,Classical
47659.0,Classical
43364.0,Country
36837.0,Electronic
77343.0,Alternative
90511.0,Electronic
86083.0,Alternative
26747.0,Anime
22853.0,Country
65781.0,Alternative
64393.0,Country
89582.0,Anime
47294.0,Classical
90464.0,Hip-Hop
32779.0,Alternative
41788.0,Rock
67522.0,Hip-Hop
57562.0,Anime
24961.0,Electronic
45194.0,Rap
44317.0,Jazz
29423.0,Anime
61643.0,Country
84829.0,Country
80355.0,Electronic
81489.0,Blues
39973.0,Electronic
78194.0,Rock
23701.0,Jazz
28226.0,Electronic
89928.0,Alternative
26335.0,Alternative
91284.0,Rap
50221.0,Country
43923.0,Anime
38209.0,Jazz
70169.0,Rap
22285.0,Country
76724.0,Alternative
20453.0,Electronic
66558.0,Electronic
68943.0,Hip-Hop
82199.0,Electronic
26018.0,Country
56562.0,Electronic
74072.0,Rap
43073.0,Classical
76614.0,Blues
54093.0,Rap
67728.0,Blues
89412.0,Anime
44634.0,Jazz
64907.0,Blues
88673.0,Rap
57745.0,Electronic
89952.0,Anime
55750.0,Blues
43009.0,Country
71077.0,Jazz
27329.0,Country
60563.0,Electronic
73772.0,Anime
62166.0,Alternative
88208.0,Electronic
48011.0,Hip-Hop
74691.0,Classical
27404.0,Country
62652.0,Classical
81116.0,Country
70107.0,Hip-Hop
59649.0,Classical
73443.0,Anime
30259.0,Hip-Hop
25207.0,Country
62411.0,Jazz
88202.0,Country
69348.0,Rap
62065.0,Classical
75125.0,Blues
69209.0,Blues
87068.0,Jazz
49352.0,Jazz
49380.0,Country
77988.0,Rock
44070.0,Electronic
58610.0,Electronic
50345.0,Electronic
49042.0,Blues
68063.0,Rap
57796.0,Classical
28948.0,Rap
33931.0,Hip-Hop
74457.0,Hip-Hop
26473.0,Rap
69015.0,Rap
36460.0,Electronic
24513.0,Alternative
30015.0,Anime
21727.0,Alternative
85914.0,Hip-Hop
30641.0,Hip-Hop
69335.0,Country
84974.0,Jazz
48529.0,Alternative
85844.0,Rap
66013.0,Alternative
59308.0,Rap
91524.0,Classical
37281.0,Rock
57662.0,Anime
54159.0,Rap
23704.0,Country
26195.0,Rock
71485.0,Alternative
56476.0,Blues
34562.0,Blues
28650.0,Country
57613.0,Blues
60633.0,Alternative
34057.0,Rock
74808.0,Jazz
23124.0,Rap
84763.0,Electronic
40235.0,Country
37246.0,Blues
52760.0,Alternative
24743.0,Jazz
86739.0,Alternative
50128.0,Jazz
40472.0,Electronic
45924.0,Alternative
83208.0,Alternative
55706.0,Hip-Hop
36072.0,Jazz
79899.0,Rock
22577.0,Rap
72859.0,Blues
59165.0,Alternative
62177.0,Hip-Hop
74803.0,Jazz
72387.0,Country
87886.0,Blues
23288.0,Jazz
74536.0,Rap
39219.0,Rap
22139.0,Alternative
81903.0,Electronic
91317.0,Electronic
32570.0,Alternative
33096.0,Hip-Hop
28818.0,Country
46843.0,Jazz
91629.0,Rock
49617.0,Rap
74346.0,Alternative
49892.0,Anime
80285.0,Classical
83680.0,Blues
51304.0,Alternative
69621.0,Jazz
61023.0,Country
83261.0,Rap
20786.0,Anime
83785.0,Country
50081.0,Blues
86043.0,Electronic
24243.0,Blues
34953.0,Electronic
28904.0,Anime
56573.0,Blues
52216.0,Alternative
75670.0,Blues
56904.0,Blues
32981.0,Electronic
28147.0,Anime
31827.0,Alternative
44057.0,Rock
74393.0,Blues
91203.0,Anime
51571.0,Rap
36849.0,Blues
29844.0,Blues
37652.0,Anime
51111.0,Electronic
46197.0,Electronic
36371.0,Electronic
80292.0,Electronic
30873.0,Hip-Hop
63437.0,Country
26766.0,Electronic
29282.0,Anime
81589.0,Rock
30853.0,Anime
39426.0,Blues
61571.0,Rap
52956.0,Rap
66869.0,Rap
87838.0,Anime
45300.0,Jazz
45008.0,Classical
35950.0,Jazz
23308.0,Country
61955.0,Blues
50539.0,Rap
46380.0,Alternative
54209.0,Anime
83319.0,Rap
62163.0,Country
42541.0,Rock
73303.0,Country
38354.0,Alternative
74723.0,Alternative
55699.0,Rock
66012.0,Classical
65848.0,Country
50348.0,Country
82744.0,Electronic
53295.0,Rap
30256.0,Rock
43938.0,Anime
42228.0,Country
51695.0,Jazz
51237.0,Rap
80890.0,Hip-Hop
26666.0,Alternative
56568.0,Electronic
50577.0,Alternative
76781.0,Jazz
44571.0,Electronic
45526.0,Jazz
90033.0,Anime
87413.0,Rap
27557.0,Anime
65209.0,Rap
62315.0,Blues
78016.0,Rap
84340.0,Country
41323.0,Rap
71288.0,Electronic
20117.0,Electronic
46169.0,Country
83214.0,Anime
38591.0,Rock
35987.0,Blues
41593.0,Anime
55791.0,Electronic
24376.0,Electronic
76148.0,Anime
41762.0,Blues
53145.0,Rap
59523.0,Anime
70900.0,Rock
58592.0,Anime
38434.0,Blues
67033.0,Electronic
43615.0,Electronic
62341.0,Blues
57724.0,Hip-Hop
80635.0,Rap
46026.0,Rock
41748.0,Country
66413.0,Country
84928.0,Jazz
46145.0,Alternative
21156.0,Country
20581.0,Jazz
84199.0,Rap
29208.0,Country
79520.0,Alternative
62441.0,Electronic
42265.0,Rap
70806.0,Anime
49026.0,Classical
35246.0,Rock
51681.0,Blues
44017.0,Jazz
36688.0,Country
76340.0,Blues
60399.0,Electronic
73616.0,Hip-Hop
90155.0,Country
26535.0,Blues
71278.0,Alternative
68131.0,Blues
20358.0,Country
53425.0,Anime
81292.0,Alternative
64374.0,Country
48669.0,Country
53875.0,Anime
31975.0,Country
76423.0,Blues
70598.0,Hip-Hop
47003.0,Rap
73661.0,Electronic
78936.0,Hip-Hop
89023.0,Jazz
73275.0,Jazz
90867.0,Alternative
49520.0,Blues
47085.0,Hip-Hop
68814.0,Blues
70478.0,Anime
21796.0,Country
70936.0,Classical
44197.0,Rap
41293.0,Alternative
81407.0,Classical
77036.0,Electronic
43946.0,Anime
39797.0,Jazz
32828.0,Rock
69698.0,Alternative
44642.0,Rap
67341.0,Alternative
37722.0,Rap
29313.0,Alternative
23925.0,Hip-Hop
56770.0,Hip-Hop
35847.0,Country
82661.0,Blues
24484.0,Jazz
60768.0,Rap
23945.0,Anime
82092.0,Hip-Hop
72987.0,Hip-Hop
58452.0,Blues
43732.0,Anime
71896.0,Electronic
59488.0,Blues
23641.0,Blues
29557.0,Electronic
73387.0,Alternative
43983.0,Country
37494.0,Classical
32415.0,Electronic
76374.0,Alternative
30635.0,Rap
84984.0,Alternative
67927.0,Rock
65771.0,Rock
57781.0,Alternative
55735.0,Classical
37485.0,Blues
33891.0,Jazz
42131.0,Anime
63313.0,Jazz
41638.0,Anime
24494.0,Jazz
22110.0,Alternative
83048.0,Rap
57804.0,Rap
25430.0,Hip-Hop
72183.0,Blues
85161.0,Rock
88713.0,Country
70599.0,Jazz
54413.0,Country
88277.0,Country
58344.0,Country
57368.0,Hip-Hop
55674.0,Alternative
22501.0,Country
66647.0,Alternative
79380.0,Blues
86361.0,Anime
59091.0,Anime
54445.0,Alternative
47781.0,Classical
36456.0,Jazz
58560.0,Rap
63962.0,Jazz
55241.0,Alternative
55908.0,Country
51492.0,Rap
71051.0,Electronic
84781.0,Blues
27079.0,Country
75937.0,Classical
91061.0,Blues
85725.0,Rap
27902.0,Rap
64195.0,Electronic
58096.0,Electronic
50036.0,Anime
88173.0,Hip-Hop
30100.0,Rap
25660.0,Hip-Hop
30728.0,Anime
85219.0,Electronic
47996.0,Classical
76138.0,Jazz
80692.0,Anime
46064.0,Blues
37360.0,Rap
26362.0,Jazz
30498.0,Anime
89345.0,Anime
64559.0,Rap
82289.0,Country
33021.0,Rap
48331.0,Electronic
38918.0,Jazz
91586.0,Rap
45022.0,Jazz
45170.0,Rap
60622.0,Blues
45122.0,Blues
27477.0,Hip-Hop
39497.0,Country
44238.0,Country
26788.0,Rock
82086.0,Country
82014.0,Classical
66562.0,Blues
44534.0,Electronic
85331.0,Classical
39258.0,Anime
72349.0,Jazz
84880.0,Blues
82675.0,Classical
53177.0,Classical
84961.0,Country
29191.0,Rap
70669.0,Rap
68175.0,Classical
83196.0,Alternative
25611.0,Blues
67598.0,Rap
88181.0,Alternative
66032.0,Rap
59802.0,Rap
49425.0,Electronic
37614.0,Electronic
55390.0,Hip-Hop
21310.0,Blues
53598.0,Electronic
52415.0,Country
65924.0,Blues
66293.0,Country
64910.0,Country
23263.0,Classical
85687.0,Country
42151.0,Blues
81969.0,Anime
25287.0,Electronic
72242.0,Alternative
41700.0,Rap
78730.0,Hip-Hop
91221.0,Blues
88869.0,Hip-Hop
73183.0,Jazz
36676.0,Blues
31302.0,Country
39835.0,Country
35639.0,Country
77495.0,Country
79779.0,Blues
89140.0,Alternative
21464.0,Classical
48138.0,Country
32710.0,Jazz
29714.0,Jazz
66651.0,Rap
49014.0,Rap
70591.0,Anime
73819.0,Electronic
90526.0,Country
51256.0,Blues
28734.0,Classical
24727.0,Classical
57988.0,Rock
25422.0,Electronic
65742.0,Rock
64978.0,Alternative
43250.0,Alternative
41887.0,Rock
29494.0,Rap
78887.0,Electronic
57611.0,Blues
20886.0,Jazz
38232.0,Anime
33088.0,Blues
30459.0,Alternative
41509.0,Anime
43494.0,Country
79669.0,Electronic
25755.0,Electronic
21472.0,Rap
28890.0,Blues
74447.0,Anime
25323.0,Jazz
89616.0,Country
37299.0,Alternative
53494.0,Hip-Hop
32827.0,Jazz
69683.0,Anime
23872.0,Classical
63974.0,Electronic
37695.0,Classical
85700.0,Classical
50392.0,Country
63939.0,Alternative
76767.0,Blues
45290.0,Hip-Hop
82757.0,Rap
65739.0,Alternative
51604.0,Rock
87088.0,Rock
47913.0,Anime
57467.0,Blues
66622.0,Alternative
37813.0,Electronic
53952.0,Rap
79253.0,Anime
49583.0,Hip-Hop
52282.0,Hip-Hop
36158.0,Rock
68681.0,Hip-Hop
20830.0,Rock
64079.0,Alternative
54124.0,Rap
53888.0,Jazz
87157.0,Electronic
81472.0,Rock
27253.0,Jazz
25553.0,Classical
80849.0,Alternative
86283.0,Jazz
86278.0,Alternative
48804.0,Electronic
56436.0,Electronic
43471.0,Country
65177.0,Rock
38938.0,Rock
78310.0,Rap
49104.0,Jazz
69999.0,Rock
49880.0,Anime
87162.0,Electronic
25961.0,Jazz
59664.0,Hip-Hop
30416.0,Electronic
41751.0,Anime
53820.0,Rap
59182.0,Hip-Hop
30953.0,Rap
79506.0,Rap
79511.0,Alternative
74900.0,Anime
69817.0,Electronic
81691.0,Electronic
55421.0,Country
70401.0,Jazz
76315.0,Country
52807.0,Electronic
42690.0,Rap
21497.0,Classical
21331.0,Rap
86624.0,Blues
27929.0,Rock
46890.0,Anime
68000.0,Classical
77177.0,Alternative
53301.0,Rap
67215.0,Rap
24448.0,Hip-Hop
46284.0,Rap
61653.0,Blues
85626.0,Blues
49890.0,Blues
23188.0,Rap
74188.0,Hip-Hop
58314.0,Anime
67904.0,Country
32300.0,Blues
43353.0,Rap
84798.0,Blues
32948.0,Classical
39487.0,Rap
45697.0,Jazz
77230.0,Classical
70699.0,Blues
76142.0,Rap
85868.0,Blues
66184.0,Blues
41189.0,Rap
88634.0,Electronic
63137.0,Country
46020.0,Alternative
23366.0,Blues
52590.0,Classical
78053.0,Anime
58885.0,Blues
26501.0,Electronic
45476.0,Hip-Hop
21228.0,Jazz
43110.0,Blues
58168.0,Hip-Hop
87247.0,Rock
81042.0,Electronic
91451.0,Electronic
90769.0,Rap
67092.0,Anime
22707.0,Rock
60027.0,Rap
79614.0,Rap
42232.0,Blues
78566.0,Rock
74323.0,Hip-Hop
35250.0,Alternative
26487.0,Rap
77439.0,Classical
57556.0,Rock
74918.0,Jazz
64763.0,Country
20207.0,Country
67874.0,Country
32150.0,Electronic
74865.0,Blues
87609.0,Electronic
75522.0,Blues
32168.0,Country
29840.0,Anime
86888.0,Electronic
91604.0,Rock
56690.0,Country
45586.0,Electronic
67339.0,Classical
72145.0,Blues
62311.0,Blues
67041.0,Alternative
51227.0,Electronic
68065.0,Blues
87058.0,Country
33411.0,Rap
33551.0,Rap
77419.0,Rap
79402.0,Electronic
74033.0,Jazz
89481.0,Country
23381.0,Electronic
28307.0,Rock
83362.0,Country
26896.0,Classical
76758.0,Electronic
21770.0,Jazz
79063.0,Rap
37272.0,Country
47235.0,Classical
23517.0,Country
51149.0,Hip-Hop
41458.0,Rap
30552.0,Country
91116.0,Rap
33893.0,Anime
72566.0,Blues
25542.0,Country
41098.0,Electronic
44394.0,Rap
70197.0,Country
56304.0,Rock
86506.0,Blues
38665.0,Hip-Hop
35445.0,Alternative
37843.0,Rap
36739.0,Jazz
32762.0,Country
46570.0,Country
24334.0,Blues
27609.0,Country
24748.0,Blues
71516.0,Electronic
61853.0,Jazz
37976.0,Blues
64340.0,Jazz
21351.0,Electronic
74994.0,Alternative
45754.0,Rap
25793.0,Rock
36911.0,Country
36950.0,Classical
62781.0,Hip-Hop
50557.0,Hip-Hop
48653.0,Rap
23020.0,Classical
25153.0,Electronic
67335.0,Classical
53216.0,Classical
29536.0,Blues
85300.0,Country
43981.0,Jazz
20762.0,Country
48238.0,Jazz
88889.0,Hip-Hop
36639.0,Rap
81059.0,Alternative
21208.0,Alternative
70362.0,Country
45062.0,Jazz
62347.0,Blues
28424.0,Jazz
60307.0,Jazz
44660.0,Rock
84173.0,Blues
58214.0,Electronic
32853.0,Anime
39861.0,Country
41054.0,Rap
28826.0,Electronic
30870.0,Rock
82378.0,Rap
39245.0,Rap
63985.0,Rock
39490.0,Alternative
34909.0,Blues
67678.0,Rap
72731.0,Electronic
50954.0,Classical
78108.0,Rap
27297.0,Country
56808.0,Country
33865.0,Electronic
29152.0,Blues
45256.0,Jazz
65950.0,Electronic
86650.0,Blues
59817.0,Rap
53167.0,Rock
70702.0,Alternative
42880.0,Blues
72998.0,Country
83458.0,Blues
60926.0,Electronic
21534.0,Alternative
65268.0,Classical
31123.0,Country
70809.0,Blues
79491.0,Hip-Hop
20050.0,Hip-Hop
58250.0,Jazz
50044.0,Country
44445.0,Anime
46105.0,Jazz
61118.0,Anime
25902.0,Alternative
91559.0,Blues
90719.0,Rap
89429.0,Electronic
59615.0,Country
50006.0,Jazz
47651.0,Alternative
32453.0,Blues
54844.0,Country
36734.0,Electronic
83307.0,Alternative
64429.0,Alternative
60702.0,Classical
39647.0,Electronic
64904.0,Jazz
28648.0,Country
75806.0,Rap
26278.0,Anime
57549.0,Blues
65748.0,Alternative
73287.0,Anime
30513.0,Classical
56319.0,Jazz
48586.0,Rock
35897.0,Blues
69808.0,Anime
75701.0,Electronic
64931.0,Anime
28749.0,Country
68085.0,Electronic
47092.0,Rock
72589.0,Blues
90877.0,Anime
62628.0,Electronic
33549.0,Alternative
50672.0,Classical
80383.0,Jazz
91327.0,Blues
39451.0,Blues
76360.0,Electronic
59693.0,Jazz
65790.0,Classical
88908.0,Classical
55460.0,Anime
39533.0,Blues
56296.0,Blues
32597.0,Country
54946.0,Country
60349.0,Rock
50325.0,Rap
26165.0,Jazz
75418.0,Country
91254.0,Country
66757.0,Classical
36271.0,Rap
80009.0,Alternative
70441.0,Jazz
85226.0,Rap
37838.0,Anime
74749.0,Blues
46286.0,Country
26352.0,Jazz
22369.0,Anime
46769.0,Electronic
73482.0,Hip-Hop
24409.0,Rap
87623.0,Jazz
31054.0,Jazz
89801.0,Anime
41337.0,Alternative
66708.0,Electronic
60854.0,Country
71518.0,Country
30231.0,Hip-Hop
89498.0,Alternative
30153.0,Country
20504.0,Anime
44258.0,Classical
36508.0,Country
29016.0,Anime
80038.0,Electronic
63643.0,Blues
52593.0,Classical
83218.0,Blues
71618.0,Rap
69449.0,Classical
28736.0,Blues
27425.0,Alternative
74771.0,Hip-Hop
87897.0,Blues
73861.0,Anime
25424.0,Electronic
54242.0,Country
33620.0,Classical
48443.0,Anime
88529.0,Rock
38694.0,Country
77116.0,Country
85371.0,Electronic
57871.0,Country
71531.0,Electronic
54707.0,Country
32146.0,Jazz
49699.0,Electronic
90326.0,Country
32424.0,Rap
53209.0,Anime
71281.0,Classical
87600.0,Rap
43100.0,Anime
21584.0,Electronic
58841.0,Rap
61322.0,Rap
66682.0,Blues
22639.0,Country
50109.0,Country
79872.0,Rap
58299.0,Country
39094.0,Electronic
34466.0,Country
38869.0,Alternative
36908.0,Hip-Hop
91518.0,Rap
62115.0,Jazz
29384.0,Rap
59611.0,Hip-Hop
61491.0,Rock
23147.0,Alternative
30948.0,Rap
43511.0,Hip-Hop
21175.0,Electronic
35495.0,Country
48154.0,Alternative
69597.0,Jazz
21375.0,Alternative
47135.0,Hip-Hop
42333.0,Alternative
50563.0,Alternative
39727.0,Blues
34989.0,Country
65760.0,Classical
63024.0,Jazz
48836.0,Rock
49258.0,Alternative
68066.0,Country
41451.0,Anime
71745.0,Blues
71414.0,Country
31688.0,Rap
91646.0,Alternative
71492.0,Electronic
77126.0,Anime
38280.0,Jazz
35873.0,Anime
79127.0,Electronic
90018.0,Rap
59819.0,Rap
46900.0,Country
89869.0,Blues
61860.0,Rock
77794.0,Jazz
69743.0,Classical
68991.0,Jazz
55896.0,Alternative
85715.0,Blues
69012.0,Country
48404.0,Rap
50194.0,Hip-Hop
55689.0,Jazz
75017.0,Electronic
66949.0,Blues
69596.0,Electronic
44215.0,Hip-Hop
87064.0,Blues
32990.0,Electronic
61896.0,Country
32534.0,Alternative
21287.0,Rock
57785.0,Country
69474.0,Jazz
32686.0,Anime
21392.0,Hip-Hop
87431.0,Rap
80862.0,Anime
46173.0,Jazz
25275.0,Country
41818.0,Jazz
82240.0,Anime
29770.0,Rap
30593.0,Alternative
62184.0,Blues
61474.0,Electronic
57731.0,Classical
44511.0,Anime
84714.0,Classical
74322.0,Alternative
87299.0,Classical
47272.0,Jazz
80961.0,Jazz
41095.0,Blues
80195.0,Rock
36565.0,Classical
81069.0,Classical
38263.0,Country
60573.0,Classical
73251.0,Electronic
73223.0,Rock
49690.0,Hip-Hop
58347.0,Classical
64887.0,Rap
64824.0,Blues
28635.0,Electronic
32129.0,Blues
70529.0,Electronic
33939.0,Rock
22659.0,Rap
51398.0,Blues
40584.0,Blues
23830.0,Rap
73019.0,Jazz
41083.0,Anime
31767.0,Blues
88574.0,Blues
66514.0,Blues
41032.0,Electronic
82239.0,Country
56038.0,Country
29218.0,Jazz
91686.0,Blues
25177.0,Jazz
48155.0,Blues
88804.0,Rap
73211.0,Alternative
40805.0,Anime
86809.0,Alternative
21214.0,Blues
65618.0,Country
62265.0,Blues
39214.0,Anime
41292.0,Country
60998.0,Anime
22713.0,Blues
45200.0,Rock
52666.0,Rap
42623.0,Jazz
42649.0,Classical
51723.0,Blues
39946.0,Country
58554.0,Hip-Hop
20385.0,Jazz
89106.0,Anime
82693.0,Rock
62243.0,Electronic
65683.0,Rap
84762.0,Electronic
46640.0,Classical
43866.0,Electronic
82536.0,Classical
39699.0,Blues
82923.0,Blues
29203.0,Alternative
68854.0,Country
30818.0,Alternative
60003.0,Electronic
88193.0,Rock
52044.0,Country
90483.0,Alternative
24201.0,Hip-Hop
75702.0,Rap
88844.0,Alternative
32560.0,Country
27241.0,Rap
28480.0,Electronic
70631.0,Blues
80471.0,Jazz
35781.0,Classical
28251.0,Alternative
62855.0,Electronic
83949.0,Blues
25747.0,Country
54341.0,Country
57899.0,Electronic
83119.0,Rock
88078.0,Electronic
65929.0,Hip-Hop
29425.0,Rap
32691.0,Rap
58804.0,Jazz
68885.0,Blues
36173.0,Rap
34995.0,Country
55179.0,Country
22818.0,Alternative
40554.0,Country
79281.0,Alternative
58255.0,Rap
75178.0,Alternative
70626.0,Rap
22408.0,Electronic
73849.0,Rock
40768.0,Country
38122.0,Rock
52829.0,Blues
53234.0,Blues
24685.0,Rock
32082.0,Country
44313.0,Electronic
73314.0,Classical
80357.0,Anime
58645.0,Hip-Hop
80522.0,Blues
84573.0,Hip-Hop
58853.0,Blues
56049.0,Jazz
34458.0,Jazz
28618.0,Country
34633.0,Blues
37348.0,Alternative
83489.0,Electronic
86886.0,Rap
25557.0,Country
31045.0,Classical
63983.0,Country
76288.0,Electronic
62531.0,Classical
49461.0,Rap
39890.0,Hip-Hop
68960.0,Rap
75277.0,Jazz
89518.0,Country
60733.0,Electronic
50910.0,Jazz
49831.0,Rock
56485.0,Blues
78985.0,Rap
27760.0,Classical
74318.0,Electronic
49962.0,Jazz
65290.0,Anime
77437.0,Country
61240.0,Rock
55194.0,Blues
33890.0,Rap
42581.0,Anime
74264.0,Blues
72032.0,Blues
59407.0,Blues
67658.0,Alternative
33446.0,Blues
45225.0,Country
89135.0,Jazz
42364.0,Country
81128.0,Blues
30120.0,Rap
21045.0,Classical
31284.0,Country
84446.0,Anime
56921.0,Alternative
91621.0,Rap
49328.0,Electronic
36706.0,Blues
53581.0,Alternative
80310.0,Electronic
89906.0,Anime
29103.0,Blues
67714.0,Classical
42644.0,Country
63433.0,Jazz
39228.0,Rap
71972.0,Anime
32972.0,Electronic
23022.0,Blues
55576.0,Country
85423.0,Blues
32013.0,Anime
35045.0,Anime
78620.0,Electronic
60033.0,Alternative
75144.0,Anime
27688.0,Classical
42540.0,Alternative
21297.0,Alternative
79951.0,Classical
68050.0,Country
76572.0,Rock
27090.0,Electronic
27128.0,Rock
72202.0,Alternative
40806.0,Jazz
49697.0,Rap
70344.0,Classical
51768.0,Country
45003.0,Rock
71778.0,Alternative
76817.0,Country
40828.0,Country
44993.0,Electronic
44122.0,Blues
74612.0,Jazz
41430.0,Rock
62162.0,Country
45578.0,Country
57259.0,Electronic
71987.0,Jazz
25035.0,Anime
63280.0,Electronic
53988.0,Anime
58493.0,Country
41325.0,Hip-Hop
39872.0,Rock
51150.0,Jazz
41960.0,Rock
37572.0,Classical
59880.0,Jazz
42955.0,Rock
63226.0,Classical
43752.0,Anime
84912.0,Electronic
34584.0,Rock
34280.0,Hip-Hop
20650.0,Rap
41476.0,Anime
67393.0,Classical
35415.0,Rap
51305.0,Anime
82306.0,Rap
26513.0,Blues
58716.0,Country
60245.0,Electronic
59328.0,Electronic
22863.0,Rap
57943.0,Alternative
29311.0,Classical
59043.0,Hip-Hop
61733.0,Electronic
78165.0,Electronic
88027.0,Electronic
83158.0,Country
45652.0,Jazz
69537.0,Classical
21524.0,Jazz
43765.0,Country
74041.0,Alternative
31514.0,Rap
75416.0,Anime
62003.0,Jazz
62409.0,Alternative
20730.0,Rap
63126.0,Hip-Hop
24266.0,Alternative
80172.0,Hip-Hop
32548.0,Classical
35785.0,Rap
56518.0,Alternative
61035.0,Classical
25859.0,Jazz
75624.0,Anime
22453.0,Country
49074.0,Electronic
67113.0,Alternative
40330.0,Rap
41839.0,Electronic
27832.0,Country
25689.0,Rap
60400.0,Classical
74814.0,Alternative
49120.0,Anime
90502.0,Electronic
67997.0,Country
81866.0,Country
81427.0,Alternative
78819.0,Jazz
20477.0,Rock
42270.0,Hip-Hop
90570.0,Jazz
90542.0,Classical
63416.0,Jazz
32844.0,Alternative
66410.0,Hip-Hop
38754.0,Rap
57397.0,Alternative
85111.0,Alternative
76544.0,Hip-Hop
59796.0,Alternative
57906.0,Hip-Hop
52234.0,Anime
41978.0,Jazz
33984.0,Alternative
35863.0,Alternative
49940.0,Rock
58146.0,Rap
86592.0,Rock
87010.0,Alternative
50082.0,Blues
31016.0,Anime
51211.0,Alternative
43404.0,Hip-Hop
53777.0,Hip-Hop
27075.0,Electronic
36087.0,Rock
46731.0,Anime
80170.0,Alternative
21972.0,Anime
34193.0,Hip-Hop
89697.0,Blues
71984.0,Electronic
31581.0,Jazz
86868.0,Blues
78440.0,Blues
72967.0,Country
25867.0,Classical
57329.0,Electronic
61077.0,Electronic
68687.0,Jazz
48012.0,Rock
32325.0,Hip-Hop
66649.0,Alternative
36580.0,Rock
33094.0,Electronic
24377.0,Anime
54721.0,Electronic
32932.0,Electronic
33976.0,Country
67296.0,Jazz
48292.0,Alternative
43685.0,Country
71453.0,Blues
24357.0,Alternative
76509.0,Blues
73146.0,Blues
34654.0,Classical
88756.0,Alternative
55131.0,Hip-Hop
22331.0,Country
55189.0,Hip-Hop
41996.0,Electronic
56430.0,Rock
26294.0,Rap
52392.0,Country
59456.0,Anime
38680.0,Electronic
63857.0,Rock
29852.0,Rock
31781.0,Alternative
47716.0,Hip-Hop
74334.0,Blues
21404.0,Country
80346.0,Jazz
48346.0,Jazz
81597.0,Blues
23446.0,Electronic
53351.0,Hip-Hop
63730.0,Blues
68865.0,Electronic
86740.0,Alternative
86360.0,Blues
44153.0,Blues
28967.0,Blues
67912.0,Rock
65044.0,Jazz
27150.0,Blues
68180.0,Rap
84741.0,Rap
36164.0,Classical
30710.0,Rock
50010.0,Jazz
90435.0,Country
62928.0,Electronic
89102.0,Jazz
51335.0,Electronic
22396.0,Rock
89024.0,Electronic
51516.0,Rock
60897.0,Jazz
56407.0,Blues
65190.0,Jazz
53706.0,Anime
63938.0,Country
58256.0,Hip-Hop
22997.0,Country
86901.0,Anime
43823.0,Hip-Hop
32832.0,Country
91240.0,Alternative
77543.0,Anime
79967.0,Blues
66664.0,Anime
48363.0,Anime
68234.0,Electronic
50219.0,Hip-Hop
27335.0,Jazz
65214.0,Jazz
90138.0,Electronic
35523.0,Hip-Hop
53878.0,Blues
69341.0,Rock
47052.0,Alternative
41980.0,Classical
86530.0,Rock
48403.0,Blues
86158.0,Anime
32292.0,Hip-Hop
20251.0,Hip-Hop
82888.0,Classical
73344.0,Jazz
34938.0,Rap
90679.0,Anime
84167.0,Rock
47724.0,Anime
41760.0,Country
91293.0,Country
87280.0,Rock
66322.0,Blues
29710.0,Electronic
76210.0,Rock
83465.0,Classical
70969.0,Country
23052.0,Rock
83542.0,Blues
54250.0,Electronic
65362.0,Jazz
68230.0,Jazz
65571.0,Jazz
57178.0,Alternative
65921.0,Country
72369.0,Electronic
66530.0,Classical
42735.0,Rock
52922.0,Country
84756.0,Country
55667.0,Anime
54671.0,Classical
23163.0,Anime
89116.0,Rap
25226.0,Electronic
25514.0,Electronic
39816.0,Electronic
79494.0,Rap
88157.0,Alternative
27590.0,Country
39769.0,Anime
76919.0,Electronic
80223.0,Electronic
83986.0,Electronic
20077.0,Rap
43300.0,Blues
82211.0,Country
75999.0,Anime
78508.0,Alternative
71489.0,Alternative
71218.0,Country
28212.0,Anime
48445.0,Hip-Hop
83983.0,Country
29630.0,Rap
72235.0,Blues
77711.0,Jazz
40137.0,Alternative
80486.0,Anime
89512.0,Electronic
32014.0,Rap
49756.0,Country
82181.0,Electronic
51508.0,Rap
44925.0,Jazz
55248.0,Jazz
52077.0,Country
67270.0,Electronic
42280.0,Electronic
91078.0,Anime
68915.0,Blues
91576.0,Hip-Hop
79384.0,Rock
59394.0,Blues
32652.0,Alternative
66332.0,Blues
28738.0,Rap
46811.0,Electronic
81918.0,Country
39728.0,Blues
53188.0,Country
45647.0,Classical
77005.0,Hip-Hop
50235.0,Jazz
84467.0,Country
34689.0,Rock
33413.0,Jazz
37777.0,Blues
38112.0,Blues
39971.0,Country
44529.0,Classical
22701.0,Jazz
52358.0,Anime
78680.0,Rap
31806.0,Jazz
80517.0,Classical
89428.0,Rap
46423.0,Rap
74810.0,Hip-Hop
57380.0,Hip-Hop
44988.0,Blues
72132.0,Alternative
23543.0,Country
83926.0,Rap
50443.0,Classical
63618.0,Classical
29575.0,Electronic
35290.0,Blues
81244.0,Classical
66996.0,Alternative
66164.0,Rock
43048.0,Alternative
37723.0,Rap
34795.0,Hip-Hop
66836.0,Electronic
45997.0,Hip-Hop
62738.0,Electronic
85064.0,Classical
88628.0,Electronic
67563.0,Alternative
80617.0,Country
22112.0,Rap
40531.0,Country
29523.0,Country
28721.0,Hip-Hop
27856.0,Rap
87132.0,Alternative
68671.0,Alternative
34218.0,Blues
91208.0,Country
91273.0,Jazz
37172.0,Electronic
52930.0,Hip-Hop
40928.0,Rap
24622.0,Rap
40701.0,Blues
36222.0,Blues
40045.0,Jazz
78140.0,Blues
72446.0,Anime
28636.0,Rap
37015.0,Anime
36651.0,Anime
63124.0,Anime
48152.0,Alternative
34429.0,Rock
28681.0,Rap
29474.0,Country
89944.0,Alternative
86129.0,Rap
46599.0,Rap
62155.0,Anime
87335.0,Blues
61171.0,Blues
32943.0,Electronic
38757.0,Alternative
44364.0,Alternative
27855.0,Country
60574.0,Rap
38936.0,Country
68763.0,Rap
45378.0,Country
81188.0,Rap
89054.0,Rap
53559.0,Hip-Hop
73731.0,Classical
89558.0,Electronic
25225.0,Rap
22518.0,Country
84916.0,Jazz
29594.0,Rap
23239.0,Blues
53554.0,Hip-Hop
66534.0,Rock
37969.0,Electronic
73774.0,Alternative
22220.0,Jazz
40142.0,Rap
56683.0,Electronic
48348.0,Rock
63768.0,Country
47008.0,Alternative
34512.0,Blues
64560.0,Anime
67250.0,Alternative
74484.0,Electronic
32238.0,Country
50549.0,Country
56824.0,Blues
25193.0,Rap
71447.0,Hip-Hop
23513.0,Blues
61791.0,Alternative
90318.0,Country
33750.0,Blues
33576.0,Rap
83822.0,Rock
67059.0,Country
54637.0,Blues
43742.0,Country
81161.0,Anime
62118.0,Hip-Hop
47039.0,Rock
36556.0,Anime
51908.0,Country
39416.0,Rap
37904.0,Country
68547.0,Country
34706.0,Classical
86895.0,Electronic
22541.0,Hip-Hop
48432.0,Country
33590.0,Electronic
74609.0,Electronic
45206.0,Country
39398.0,Anime
35441.0,Anime
42883.0,Alternative
56521.0,Rock
20031.0,Hip-Hop
27922.0,Rock
67675.0,Jazz
34225.0,Anime
22397.0,Hip-Hop
48271.0,Anime
63410.0,Blues
89985.0,Jazz
81154.0,Jazz
25091.0,Anime
62897.0,Country
74112.0,Rap
45179.0,Electronic
62591.0,Electronic
48609.0,Classical
26210.0,Jazz
86058.0,Blues
80191.0,Electronic
71912.0,Rap
24051.0,Jazz
54012.0,Rap
79149.0,Alternative
36791.0,Blues
55200.0,Jazz
86061.0,Blues
21601.0,Hip-Hop
30335.0,Electronic
27790.0,Rap
90932.0,Electronic
30792.0,Rap
86292.0,Anime
43883.0,Blues
89133.0,Classical
82154.0,Rap
46577.0,Rap
49834.0,Hip-Hop
28530.0,Alternative
44561.0,Anime
51941.0,Electronic
59445.0,Anime
31828.0,Anime
42703.0,Country
63039.0,Alternative
74872.0,Blues
41405.0,Hip-Hop
72432.0,Electronic
61270.0,Country
64056.0,Classical
82668.0,Electronic
46958.0,Hip-Hop
83646.0,Country
68911.0,Rock
21084.0,Electronic
70327.0,Country
30022.0,Classical
54442.0,Rock
31599.0,Blues
61315.0,Blues
45069.0,Electronic
56172.0,Country
32138.0,Rap
70269.0,Alternative
66648.0,Country
45268.0,Rock
28057.0,Electronic
20690.0,Electronic
58196.0,Blues
60862.0,Anime
25864.0,Classical
54680.0,Classical
78483.0,Blues
84319.0,Country
34344.0,Rock
77857.0,Jazz
43662.0,Blues
38487.0,Rap
54861.0,Country
79123.0,Classical
54891.0,Hip-Hop
74001.0,Rock
74435.0,Country
64730.0,Hip-Hop
23793.0,Jazz
77927.0,Hip-Hop
65704.0,Hip-Hop
51038.0,Country
34414.0,Jazz
84149.0,Electronic
67845.0,Country
39820.0,Country
59343.0,Country
30163.0,Rap
43191.0,Rock
74930.0,Anime
21591.0,Rock
79559.0,Electronic
73392.0,Country
20611.0,Rap
63898.0,Hip-Hop
67194.0,Classical
55875.0,Rap
58354.0,Anime
32585.0,Alternative
87781.0,Blues
24531.0,Rock
61337.0,Blues
62039.0,Blues
85785.0,Anime
28896.0,Alternative
32301.0,Rap
21744.0,Alternative
64431.0,Jazz
63290.0,Country
62761.0,Alternative
21236.0,Jazz
80601.0,Rock
48059.0,Blues
68651.0,Hip-Hop
52893.0,Classical
63344.0,Hip-Hop
88348.0,Hip-Hop
50494.0,Hip-Hop
63175.0,Rap
83342.0,Jazz
65647.0,Rock
62977.0,Country
35008.0,Hip-Hop
88470.0,Anime
86877.0,Blues
43117.0,Jazz
62569.0,Country
88429.0,Hip-Hop
37958.0,Hip-Hop
63799.0,Alternative
50420.0,Rock
33097.0,Anime
20739.0,Jazz
28900.0,Electronic
81423.0,Country
89331.0,Jazz
63590.0,Anime
42101.0,Anime
90798.0,Jazz
58739.0,Alternative
77699.0,Electronic
46009.0,Electronic
54988.0,Electronic
55499.0,Hip-Hop
42911.0,Electronic
80398.0,Jazz
77068.0,Anime
62645.0,Jazz
59983.0,Rap
74349.0,Country
80323.0,Anime
82970.0,Electronic
20926.0,Rap
62437.0,Alternative
79764.0,Rap
38308.0,Anime
53963.0,Classical
50592.0,Alternative
85311.0,Country
41969.0,Electronic
59087.0,Jazz
44036.0,Country
54103.0,Alternative
39794.0,Hip-Hop
53006.0,Jazz
65399.0,Alternative
84837.0,Blues
46137.0,Electronic
64516.0,Electronic
87015.0,Electronic
41840.0,Hip-Hop
38276.0,Classical
73210.0,Classical
83610.0,Country
33568.0,Blues
25865.0,Classical
77804.0,Anime
58644.0,Anime
47760.0,Rock
76515.0,Electronic
20598.0,Blues
67080.0,Rock
21044.0,Blues
70339.0,Anime
81317.0,Alternative
40320.0,Electronic
28372.0,Classical
37076.0,Electronic
79513.0,Blues
25929.0,Rock
83183.0,Country
25072.0,Blues
51366.0,Electronic
48004.0,Rap
50733.0,Rap
74818.0,Rap
23036.0,Anime
77046.0,Blues
67631.0,Jazz
69578.0,Rock
82260.0,Country
54231.0,Classical
37268.0,Country
40863.0,Country
80830.0,Blues
71769.0,Classical
22402.0,Rock
67516.0,Anime
68538.0,Anime
71181.0,Rock
55865.0,Hip-Hop
88546.0,Alternative
51583.0,Country
55071.0,Rock
86643.0,Blues
68228.0,Rap
46539.0,Classical
51082.0,Blues
50715.0,Jazz
83674.0,Jazz
32069.0,Country
53516.0,Electronic
20808.0,Rock
57473.0,Rock
37012.0,Hip-Hop
33598.0,Country
46290.0,Electronic
55462.0,Blues
53692.0,Country
54765.0,Country
55671.0,Country
70542.0,Hip-Hop
50500.0,Rock
70957.0,Electronic
78301.0,Electronic
36970.0,Classical
54675.0,Alternative
78460.0,Alternative
50673.0,Electronic
20515.0,Country
37120.0,Blues
55315.0,Jazz
51810.0,Electronic
25543.0,Electronic
90091.0,Hip-Hop
90553.0,Alternative
62664.0,Anime
74616.0,Hip-Hop
45710.0,Alternative
31774.0,Electronic
36172.0,Country
40134.0,Electronic
69469.0,Electronic
43542.0,Alternative
50085.0,Anime
85837.0,Alternative
91213.0,Blues
41557.0,Blues
30880.0,Hip-Hop
22850.0,Rap
85833.0,Electronic
68489.0,Electronic
49497.0,Country
49272.0,Classical
73878.0,Electronic
64304.0,Electronic
79435.0,Anime
64740.0,Jazz
22224.0,Electronic
85341.0,Rap
50156.0,Country
35411.0,Electronic
88433.0,Alternative
76598.0,Classical
84534.0,Blues
84433.0,Country
32719.0,Rap
28963.0,Hip-Hop
25571.0,Blues
40547.0,Electronic
71584.0,Hip-Hop
71867.0,Electronic
73165.0,Classical
31652.0,Electronic
66206.0,Country
41496.0,Anime
51806.0,Country
56318.0,Blues
33537.0,Alternative
74123.0,Alternative
69136.0,Hip-Hop
75526.0,Blues
44972.0,Blues
64735.0,Classical
32862.0,Rap
49171.0,Classical
85903.0,Anime
45016.0,Classical
25344.0,Jazz
66840.0,Rap
88988.0,Electronic
51531.0,Rap
41685.0,Blues
74377.0,Electronic
71074.0,Rap
46651.0,Classical
65111.0,Rap
53347.0,Alternative
55695.0,Rap
56393.0,Hip-Hop
84644.0,Rap
60081.0,Blues
58080.0,Country
28002.0,Hip-Hop
54665.0,Jazz
76820.0,Alternative
78963.0,Country
32479.0,Electronic
76223.0,Blues
76818.0,Electronic
72203.0,Rock
88737.0,Blues
66907.0,Rap
54000.0,Alternative
46311.0,Hip-Hop
39730.0,Rap
66981.0,Country
25531.0,Electronic
89181.0,Electronic
59205.0,Jazz
88477.0,Anime
86758.0,Anime
72690.0,Electronic
46163.0,Anime
88103.0,Blues
69372.0,Blues
46593.0,Country
80036.0,Hip-Hop
81542.0,Blues
76305.0,Anime
42552.0,Rock
74213.0,Rap
64197.0,Country
55235.0,Jazz
45971.0,Alternative
24519.0,Electronic
32045.0,Rock
46841.0,Country
87406.0,Anime
20938.0,Rap
77493.0,Country
34505.0,Rock
50255.0,Blues
68535.0,Blues
20931.0,Jazz
20587.0,Hip-Hop
45843.0,Country
37484.0,Blues
63707.0,Rock
79284.0,Country
75893.0,Country
36723.0,Country
84934.0,Country
89370.0,Rap
26734.0,Anime
60803.0,Alternative
83778.0,Blues
60936.0,Country
81234.0,Jazz
74647.0,Country
87416.0,Anime
89277.0,Country
81045.0,Rap
59083.0,Blues
50977.0,Electronic
65227.0,Country
37274.0,Electronic
29942.0,Electronic
28616.0,Anime
75097.0,Jazz
46138.0,Classical
87716.0,Blues
63886.0,Anime
75769.0,Jazz
51747.0,Rap
75445.0,Alternative
86036.0,Jazz
50661.0,Alternative
70673.0,Anime
88261.0,Blues
30080.0,Jazz
39922.0,Hip-Hop
86246.0,Country
33481.0,Rock
20619.0,Electronic
56867.0,Blues
81167.0,Anime
81583.0,Jazz
48197.0,Hip-Hop
51020.0,Rap
80697.0,Blues
39187.0,Alternative
85917.0,Anime
64378.0,Rock
51706.0,Hip-Hop
63264.0,Anime
38148.0,Alternative
37067.0,Alternative
87309.0,Electronic
39925.0,Anime
49476.0,Jazz
90918.0,Country
69478.0,Alternative
77715.0,Country
76516.0,Rock
32208.0,Rap
62375.0,Electronic
91527.0,Blues
21609.0,Country
48099.0,Electronic
65251.0,Rap
27999.0,Classical
38394.0,Anime
34450.0,Hip-Hop
61107.0,Anime
20784.0,Jazz
34732.0,Blues
70106.0,Alternative
64279.0,Rap
36621.0,Hip-Hop
82985.0,Blues
60526.0,Rock
90706.0,Jazz
86153.0,Classical
72869.0,Anime
54090.0,Rap
75324.0,Country
25574.0,Blues
36304.0,Electronic
31673.0,Anime
46208.0,Blues
91104.0,Blues
36130.0,Alternative
41959.0,Rap
39773.0,Blues
38981.0,Electronic
88463.0,Hip-Hop
85431.0,Blues
49452.0,Electronic
82538.0,Classical
81449.0,Blues
82270.0,Electronic
35273.0,Country
45162.0,Alternative
75355.0,Electronic
54077.0,Hip-Hop
44202.0,Rock
83093.0,Anime
60288.0,Classical
76033.0,Electronic
30136.0,Alternative
58732.0,Electronic
77212.0,Country
24565.0,Anime
88255.0,Alternative
21425.0,Country
76064.0,Hip-Hop
53539.0,Jazz
54382.0,Blues
78603.0,Rap
69240.0,Country
64236.0,Blues
23998.0,Classical
34980.0,Jazz
49288.0,Classical
74433.0,Country
42189.0,Rap
84897.0,Blues
86738.0,Jazz
27641.0,Rock
41635.0,Jazz
84233.0,Classical
84169.0,Country
80592.0,Anime
71577.0,Alternative
37669.0,Classical
51597.0,Rap
32985.0,Rap
34547.0,Blues
81756.0,Electronic
61688.0,Rap
87511.0,Classical
48774.0,Rap
26243.0,Anime
56892.0,Rap
32774.0,Rock
48988.0,Rap
44196.0,Country
74963.0,Country
68646.0,Blues
57522.0,Jazz
88711.0,Country
59937.0,Jazz
57202.0,Blues
90937.0,Anime
91193.0,Classical
71922.0,Hip-Hop
55650.0,Jazz
70516.0,Blues
22765.0,Country
49054.0,Rock
31985.0,Electronic
60466.0,Rock
42813.0,Classical
30417.0,Electronic
45469.0,Electronic
41765.0,Rock
33504.0,Hip-Hop
88285.0,Country
39603.0,Rap
70056.0,Country
39388.0,Country
26176.0,Classical
32389.0,Blues
31980.0,Anime
72832.0,Alternative
76955.0,Alternative
62072.0,Country
32316.0,Electronic
86921.0,Country
59255.0,Electronic
57649.0,Jazz
67238.0,Jazz
29119.0,Country
53816.0,Rock
78259.0,Blues
89764.0,Blues
48039.0,Hip-Hop
88175.0,Electronic
55246.0,Blues
52157.0,Alternative
57464.0,Classical
30733.0,Classical
59748.0,Rap
27309.0,Country
52251.0,Jazz
90172.0,Country
33315.0,Classical
62799.0,Classical
73737.0,Electronic
54772.0,Country
40686.0,Rock
65422.0,Electronic
40477.0,Alternative
79377.0,Electronic
26102.0,Anime
83858.0,Rock
20046.0,Anime
49376.0,Rock
55039.0,Alternative
90687.0,Blues
34408.0,Blues
63800.0,Country
51949.0,Country
62080.0,Alternative
53983.0,Alternative
74652.0,Hip-Hop
31433.0,Anime
42419.0,Anime
72895.0,Hip-Hop
53758.0,Blues
36117.0,Blues
66746.0,Electronic
68635.0,Rap
70758.0,Blues
22736.0,Electronic
60930.0,Country
73517.0,Electronic
31782.0,Alternative
55312.0,Classical
39170.0,Hip-Hop
36777.0,Alternative
43780.0,Rock
75944.0,Rap
67459.0,Hip-Hop
73801.0,Anime
33538.0,Alternative
66232.0,Hip-Hop
45851.0,Electronic
32236.0,Country
78371.0,Country
51069.0,Jazz
32431.0,Electronic
48550.0,Electronic
79484.0,Alternative
66846.0,Country
34590.0,Alternative
63427.0,Anime
33301.0,Alternative
70849.0,Alternative
40284.0,Blues
76200.0,Rap
26230.0,Blues
21545.0,Jazz
86632.0,Rap
60089.0,Country
20174.0,Blues
43442.0,Hip-Hop
65359.0,Alternative
58376.0,Country
32960.0,Jazz
83552.0,Classical
68774.0,Blues
31926.0,Rap
85850.0,Electronic
32242.0,Electronic
74523.0,Rock
52709.0,Anime
70325.0,Rock
75031.0,Country
76137.0,Electronic
58522.0,Country
82027.0,Hip-Hop
83903.0,Rock
62271.0,Blues
57450.0,Country
78994.0,Jazz
43909.0,Electronic
30097.0,Rock
55686.0,Country
23831.0,Anime
85918.0,Jazz
57303.0,Electronic
71360.0,Country
24844.0,Alternative
91345.0,Electronic
76160.0,Anime
43584.0,Jazz
54059.0,Jazz
78523.0,Alternative
23173.0,Classical
34240.0,Classical
22291.0,Country
86869.0,Hip-Hop
75641.0,Rap
23346.0,Alternative
77047.0,Rock
74993.0,Rock
41587.0,Electronic
21008.0,Alternative
48453.0,Rap
22358.0,Country
83666.0,Electronic
23101.0,Electronic
55614.0,Country
45080.0,Blues
43768.0,Rap
50581.0,Blues
45356.0,Jazz
35917.0,Rap
59672.0,Classical
20418.0,Blues
38661.0,Country
62100.0,Rap
62802.0,Rap
20320.0,Country
25220.0,Blues
49250.0,Rap
87448.0,Blues
27349.0,Jazz
48259.0,Electronic
44321.0,Jazz
37518.0,Blues
45982.0,Rap
40393.0,Alternative
83287.0,Electronic
91677.0,Anime
35635.0,Rap
38614.0,Alternative
64397.0,Classical
46126.0,Country
60059.0,Alternative
84023.0,Electronic
27840.0,Jazz
58718.0,Country
88037.0,Anime
71768.0,Blues
33135.0,Country
24939.0,Rap
87662.0,Rap
24842.0,Alternative
32902.0,Hip-Hop
84225.0,Rap
27723.0,Alternative
49854.0,Hip-Hop
51528.0,Blues
23156.0,Jazz
31779.0,Country
66429.0,Classical
67890.0,Anime
63632.0,Blues
23518.0,Blues
71748.0,Rock
81954.0,Electronic
57761.0,Classical
60403.0,Blues
49932.0,Classical
34976.0,Jazz
72167.0,Blues
29473.0,Blues
30694.0,Blues
65999.0,Country
22872.0,Hip-Hop
49961.0,Rap
72610.0,Country
47490.0,Classical
37139.0,Alternative
52579.0,Anime
26965.0,Alternative
65337.0,Blues
37847.0,Rap
76528.0,Country
88166.0,Rap
23651.0,Rock
67252.0,Blues
61669.0,Jazz
77976.0,Alternative
23255.0,Electronic
49922.0,Country
53534.0,Blues
64527.0,Jazz
53960.0,Anime
30658.0,Alternative
57302.0,Rock
25661.0,Electronic
89976.0,Alternative
51240.0,Anime
81310.0,Rap
29943.0,Alternative
73657.0,Blues
31544.0,Jazz
84972.0,Rap
53461.0,Hip-Hop
46904.0,Classical
52280.0,Blues
22266.0,Jazz
25765.0,Alternative
91569.0,Hip-Hop
66704.0,Anime
65270.0,Electronic
76604.0,Jazz
87311.0,Alternative
27070.0,Electronic
48793.0,Alternative
87853.0,Electronic
58324.0,Classical
38771.0,Country
23706.0,Rock
69287.0,Jazz
79139.0,Blues
81566.0,Country
84744.0,Hip-Hop
84870.0,Blues
56903.0,Rap
31722.0,Classical
54606.0,Hip-Hop
40209.0,Blues
73823.0,Country
74571.0,Jazz
33019.0,Country
29348.0,Rap
35043.0,Country
30086.0,Classical
73229.0,Country
49559.0,Country
81469.0,Rap
74150.0,Alternative
47076.0,Anime
59955.0,Rap
53156.0,Country
58814.0,Classical
52731.0,Country
41863.0,Rock
73776.0,Country
29653.0,Country
27580.0,Rap
51010.0,Country
72491.0,Rap
87495.0,Country
44304.0,Electronic
67276.0,Country
46781.0,Anime
64054.0,Classical
84459.0,Rap
53061.0,Electronic
23484.0,Rap
36122.0,Rap
46287.0,Jazz
33247.0,Blues
90592.0,Classical
67542.0,Alternative
24432.0,Blues
73104.0,Classical
57420.0,Anime
80926.0,Electronic
79028.0,Classical
51323.0,Blues
49998.0,Rock
78118.0,Country
69848.0,Rap
88690.0,Country
32843.0,Rap
74018.0,Classical
57555.0,Rock
23673.0,Rap
37520.0,Country
22236.0,Jazz
63217.0,Hip-Hop
30664.0,Rap
87108.0,Electronic
79353.0,Alternative
42888.0,Classical
45192.0,Hip-Hop
25754.0,Blues
87241.0,Classical
29524.0,Blues
82547.0,Electronic
90315.0,Rap
67111.0,Rap
74792.0,Anime
44433.0,Country
39312.0,Electronic
23485.0,Alternative
28761.0,Jazz
58163.0,Country
32043.0,Blues
33721.0,Rap
29685.0,Country
90247.0,Anime
40372.0,Rock
53275.0,Electronic
85078.0,Electronic
37269.0,Anime
74532.0,Anime
22158.0,Alternative
21794.0,Rock
55632.0,Blues
60659.0,Blues
34370.0,Electronic
65429.0,Hip-Hop
49098.0,Jazz
81155.0,Rap
50933.0,Country
70700.0,Anime
43635.0,Jazz
68322.0,Electronic
24234.0,Electronic
37507.0,Rap
27547.0,Rap
48217.0,Rap
54252.0,Blues
56408.0,Alternative
35782.0,Alternative
88239.0,Electronic
83304.0,Classical
46394.0,Blues
54454.0,Country
37089.0,Rap
57933.0,Jazz
22135.0,Anime
34902.0,Country
60016.0,Alternative
74766.0,Rock
47348.0,Rap
56803.0,Country
61738.0,Hip-Hop
21003.0,Classical
41180.0,Rock
90984.0,Rock
27170.0,Country
43374.0,Rap
62777.0,Electronic
64216.0,Blues
24114.0,Anime
40347.0,Blues
49913.0,Country
46434.0,Alternative
53066.0,Country
56423.0,Hip-Hop
53653.0,Hip-Hop
24883.0,Country
89554.0,Anime
65967.0,Jazz
66614.0,Electronic
78132.0,Blues
46437.0,Anime
61482.0,Classical
53142.0,Rap
82463.0,Anime
39386.0,Country
40169.0,Electronic
38074.0,Country
45281.0,Rock
54873.0,Country
53531.0,Country
40174.0,Blues
38116.0,Country
23972.0,Blues
67050.0,Blues
73544.0,Jazz
71460.0,Country
53568.0,Rap
27319.0,Classical
41508.0,Electronic
42934.0,Anime
48977.0,Blues
73300.0,Country
66060.0,Blues
64628.0,Hip-Hop
78613.0,Rap
58843.0,Blues
71611.0,Blues
24597.0,Jazz
71780.0,Jazz
61892.0,Rap
59982.0,Rap
48006.0,Rock
41194.0,Jazz
60640.0,Classical
88272.0,Country
37217.0,Anime
49694.0,Alternative
28822.0,Classical
91064.0,Country
25911.0,Country
21924.0,Blues
29296.0,Jazz
40395.0,Rap
43197.0,Rap
67195.0,Alternative
53104.0,Electronic
49862.0,Anime
22069.0,Blues
65076.0,Country
38955.0,Rap
68338.0,Country
49396.0,Electronic
51469.0,Country
52716.0,Alternative
56268.0,Blues
24143.0,Hip-Hop
37807.0,Jazz
84442.0,Electronic
28695.0,Country
58786.0,Country
71068.0,Rap
20528.0,Anime
29157.0,Anime
65962.0,Classical
39107.0,Electronic
39649.0,Electronic
87913.0,Rap
83131.0,Rap
77824.0,Blues
74708.0,Hip-Hop
21238.0,Country
60166.0,Country
27773.0,Classical
88047.0,Alternative
77238.0,Classical
69097.0,Blues
88817.0,Blues
44965.0,Anime
85310.0,Country
41905.0,Anime
68709.0,Hip-Hop
56695.0,Electronic
76391.0,Electronic
86076.0,Rap
23283.0,Rap
86649.0,Electronic
67707.0,Hip-Hop
83902.0,Classical
29535.0,Electronic
59238.0,Country
36277.0,Blues
81219.0,Rap
53408.0,Alternative
42487.0,Anime
27762.0,Classical
55470.0,Hip-Hop
38695.0,Rap
86422.0,Hip-Hop
86520.0,Alternative
82696.0,Blues
42947.0,Blues
72726.0,Country
58734.0,Classical
24001.0,Electronic
76819.0,Rap
67349.0,Rap
22499.0,Alternative
39965.0,Rock
26177.0,Electronic
78715.0,Jazz
73135.0,Electronic
29573.0,Blues
82048.0,Rap
77511.0,Electronic
42421.0,Electronic
30592.0,Blues
60193.0,Country
48554.0,Country
36913.0,Jazz
27637.0,Jazz
91632.0,Alternative
88879.0,Blues
31538.0,Alternative
74021.0,Rap
24142.0,Country
25333.0,Rap
26021.0,Alternative
48815.0,Rap
80764.0,Blues
37492.0,Rap
63000.0,Classical
89716.0,Blues
23175.0,Country
51253.0,Rap
43052.0,Anime
50395.0,Electronic
66235.0,Classical
81684.0,Blues
89652.0,Country
25521.0,Anime
75775.0,Electronic
56587.0,Hip-Hop
86281.0,Electronic
55996.0,Alternative
87110.0,Classical
65893.0,Jazz
56886.0,Rock
45556.0,Blues
34141.0,Rap
68212.0,Alternative
82456.0,Blues
82891.0,Blues
50086.0,Blues
88093.0,Blues
33896.0,Alternative
46256.0,Classical
67093.0,Anime
59347.0,Anime
52840.0,Rap
76025.0,Country
76499.0,Alternative
66894.0,Jazz
40794.0,Electronic
53098.0,Anime
51897.0,Electronic
34917.0,Blues
68600.0,Rock
68758.0,Classical
50725.0,Jazz
23584.0,Classical
28533.0,Anime
89916.0,Rap
73939.0,Rap
86954.0,Rap
33098.0,Rap
36957.0,Electronic
59203.0,Blues
55119.0,Anime
31303.0,Blues
70354.0,Jazz
85042.0,Hip-Hop
31242.0,Hip-Hop
82718.0,Jazz
50598.0,Rap
42870.0,Electronic
38078.0,Blues
48881.0,Blues
47415.0,Country
36921.0,Electronic
76915.0,Rock
57139.0,Anime
61602.0,Hip-Hop
91578.0,Blues
70967.0,Rap
71812.0,Alternative
56132.0,Electronic
44781.0,Country
81985.0,Blues
49506.0,Anime
81606.0,Blues
51096.0,Anime
89253.0,Country
57088.0,Classical
74511.0,Electronic
23198.0,Rap
64506.0,Anime
58722.0,Hip-Hop
44106.0,Country
68494.0,Blues
22431.0,Jazz
69369.0,Country
37517.0,Country
32244.0,Anime
70514.0,Classical
47521.0,Blues
28273.0,Country
83948.0,Blues
68100.0,Country
50484.0,Jazz
77619.0,Rap
40511.0,Country
68921.0,Hip-Hop
41945.0,Country
55244.0,Rap
44111.0,Anime
22994.0,Rap
53711.0,Electronic
20473.0,Anime
71419.0,Electronic
30352.0,Country
42803.0,Alternative
24072.0,Rap
42329.0,Alternative
34582.0,Rap
58965.0,Rap
75206.0,Electronic
46946.0,Alternative
25919.0,Jazz
88421.0,Blues
57431.0,Rock
80647.0,Country
89681.0,Hip-Hop
51916.0,Rap
87908.0,Alternative
30859.0,Electronic
87573.0,Country
72969.0,Anime
24194.0,Rap
68428.0,Rap
36501.0,Jazz
63037.0,Classical
30449.0,Alternative
29544.0,Rap
75887.0,Electronic
48904.0,Rock
83066.0,Rap
23612.0,Alternative
62015.0,Rap
81052.0,Hip-Hop
39477.0,Electronic
56978.0,Classical
71954.0,Country
69971.0,Alternative
65581.0,Electronic
44653.0,Rap
64846.0,Alternative
44933.0,Classical
33769.0,Blues
26726.0,Alternative
81633.0,Classical
69689.0,Rock
60663.0,Anime
64109.0,Country
85721.0,Rock
65187.0,Rap
84436.0,Country
69959.0,Blues
40740.0,Classical
65959.0,Anime
79394.0,Electronic
35141.0,Jazz
29835.0,Country
44010.0,Classical
56635.0,Classical
90145.0,Rock
70227.0,Blues
71232.0,Anime
58913.0,Electronic
36541.0,Country
69839.0,Electronic
36933.0,Rap
60324.0,Anime
29320.0,Country
40332.0,Country
88355.0,Blues
83085.0,Country
56076.0,Hip-Hop
40595.0,Country
86139.0,Alternative
26438.0,Classical
34852.0,Alternative
80841.0,Rap
90683.0,Blues
60390.0,Jazz
80464.0,Classical
54325.0,Classical
22936.0,Hip-Hop
32077.0,Classical
48949.0,Electronic
80580.0,Anime
56550.0,Rock
78512.0,Country
55937.0,Rap
23327.0,Rap
78356.0,Country
90942.0,Anime
62745.0,Classical
85455.0,Alternative
72602.0,Electronic
53100.0,Classical
56419.0,Electronic
84049.0,Alternative
52632.0,Rap
33415.0,Rock
35376.0,Electronic
75722.0,Rap
55642.0,Electronic
22262.0,Blues
30848.0,Country
58098.0,Country
67153.0,Rap
47033.0,Alternative
42034.0,Rap
63179.0,Hip-Hop
52343.0,Blues
73395.0,Anime
56125.0,Anime
50015.0,Electronic
55704.0,Anime
20241.0,Anime
25098.0,Rock
91676.0,Rap
49556.0,Jazz
54874.0,Anime
42665.0,Electronic
59925.0,Jazz
73734.0,Country
66346.0,Electronic
31075.0,Blues
61771.0,Country
85763.0,Anime
47109.0,Country
61495.0,Rap
33293.0,Hip-Hop
31801.0,Alternative
78423.0,Rap
64427.0,Electronic
46851.0,Rock
23233.0,Country
24466.0,Rock
69195.0,Alternative
66588.0,Electronic
43488.0,Electronic
71893.0,Rap
42846.0,Anime
86287.0,Rap
73683.0,Hip-Hop
36855.0,Rap
33240.0,Blues
68314.0,Country
35705.0,Classical
91672.0,Anime
75902.0,Electronic
63924.0,Alternative
91136.0,Alternative
51578.0,Country
31804.0,Anime
52573.0,Electronic
75864.0,Jazz
22034.0,Hip-Hop
42639.0,Hip-Hop
48583.0,Rap
35483.0,Rock
35632.0,Classical
52031.0,Country
87952.0,Alternative
82808.0,Rock
69390.0,Alternative
78999.0,Jazz
83389.0,Anime
74104.0,Rock
41249.0,Electronic
74596.0,Hip-Hop
35909.0,Alternative
23853.0,Rap
69032.0,Rap
48778.0,Blues
68422.0,Rock
50565.0,Alternative
55605.0,Hip-Hop
29469.0,Rap
48125.0,Alternative
63223.0,Electronic
81700.0,Electronic
35612.0,Jazz
48312.0,Electronic
37533.0,Classical
25117.0,Rock
27234.0,Country
24391.0,Anime
72707.0,Rap
56983.0,Anime
24799.0,Anime
60582.0,Jazz
74776.0,Country
61061.0,Electronic
52478.0,Classical
27545.0,Country
57525.0,Anime
90910.0,Rap
21486.0,Classical
79507.0,Blues
90593.0,Rap
49682.0,Electronic
78202.0,Country
25721.0,Rock
40700.0,Electronic
58603.0,Rock
33961.0,Country
38346.0,Rap
50792.0,Blues
29803.0,Rap
91412.0,Classical
68103.0,Classical
33530.0,Alternative
25469.0,Country
62616.0,Electronic
53290.0,Country
76727.0,Jazz
76881.0,Blues
91049.0,Jazz
50428.0,Electronic
80099.0,Rap
29115.0,Anime
49698.0,Rap
66318.0,Anime
83270.0,Rap
34088.0,Rock
39222.0,Anime
53412.0,Jazz
60512.0,Blues
42399.0,Blues
32616.0,Anime
91488.0,Electronic
50449.0,Alternative
77966.0,Electronic
88695.0,Country
26355.0,Blues
78599.0,Jazz
62316.0,Jazz
28843.0,Rap
71375.0,Jazz
46867.0,Country
79622.0,Anime
84681.0,Hip-Hop
22731.0,Alternative
26289.0,Rock
52642.0,Jazz
73313.0,Electronic
72417.0,Hip-Hop
75671.0,Classical
89501.0,Country
40058.0,Anime
87535.0,Anime
48166.0,Blues
32018.0,Electronic
77798.0,Alternative
28691.0,Jazz
47114.0,Country
83637.0,Classical
35692.0,Jazz
39197.0,Rock
68879.0,Country
34180.0,Rap
83437.0,Country
71410.0,Anime
32954.0,Country
85906.0,Rap
47579.0,Classical
49779.0,Electronic
31395.0,Rock
82268.0,Blues
66952.0,Alternative
44443.0,Alternative
24037.0,Country
77455.0,Blues
58698.0,Rap
76191.0,Alternative
50210.0,Country
81941.0,Electronic
67547.0,Country
26757.0,Rap
39514.0,Rap
83008.0,Anime
50613.0,Rap
34924.0,Alternative
65388.0,Alternative
72593.0,Blues
35235.0,Classical
91279.0,Classical
69692.0,Rock
76571.0,Rock
53822.0,Anime
82133.0,Rap
77350.0,Blues
22284.0,Electronic
87983.0,Anime
30767.0,Rap
51816.0,Country
60344.0,Country
34697.0,Rock
50532.0,Country
26255.0,Rap
67924.0,Rap
79778.0,Electronic
47986.0,Jazz
